Season,Name,Tm,PA,BB%,K%,BB/K,AVG,OBP,SLG,OPS,ISO,BABIP,wRC,wRAA,wOBA,wRC+,playerId
2025,"Carlos Santana","CLE",24,0.083333333,0.208333333,0.4,0.227272727,0.291666666,0.272727272,0.564393938,0.045454545,0.294117647,1.7090515317329757,-1.0706663308730728,0.2583704739809036,63.32795617334184,2396
2025,"Justin Turner","CHC",16,0,0.125,0,0.25,0.25,0.4375,0.6875,0.1875,0.23076923,1.613547783847504,-0.23959745788986161,0.29540473595261574,89.05054433968111,5235
2025,"Freddie Freeman","LAD",19,0.052631578,0.263157894,0.2,0.166666666,0.210526315,0.277777777,0.488304092,0.111111111,0.23076923,0.7108491273329897,-1.4897608472301322,0.21613637397163793,34.18682620642968,5361
2025,"Martin Maldonado","SDP",11,0,0.545454545,0,0.181818181,0.181818181,0.272727272,0.454545453,0.090909091,0.4,0.22960315636037285,-1.044434197334066,0.19546742330897937,22.098409409430698,6887
2025,"Salvador Perez","KCR",14,0.071428571,0.071428571,1,0.384615384,0.428571428,0.384615384,0.813186812,0,0.416666666,1.927098322315102,0.305596235794907,0.34139493337044347,115.83499771686228,7304
2025,"Miguel Rojas","LAD",17,0.117647058,0.117647058,1,0,0.117647058,0,0.117647058,0,0,-1.1936825587204312,-3.1626493780663822,0.08163936699137968,-57.45305887990728,7802
2025,"Donovan Solano","SEA",18,0.055555555,0.111111111,0.5,0.3125,0.388888888,0.3125,0.701388888,0,0.357142857,2.2473372992815293,0.16254890232699265,0.32540244857470196,115.39018302481453,8623
2025,"Paul Goldschmidt","NYY",24,0.166666666,0.125,1.333333333,0.25,0.375,0.35,0.725,0.1,0.294117647,2.8173000591416097,0.03758219653556122,0.31607452164525573,102.5200567443104,9218
2025,"Starling Marte","NYM",21,0.095238095,0.19047619,0.5,0.210526315,0.285714285,0.368421052,0.654135337,0.157894737,0.214285714,2.046436617130318,-0.38581651264997446,0.29115928638549077,87.1338231897136,9241
2025,"Nolan Arenado","STL",16,0,0.125,0,0.333333333,0.3125,0.533333333,0.845833333,0.2,0.307692307,2.3238612738781548,0.4707160321407891,0.3508814126253128,125.76326893811903,9777
2025,"Andrew McCutchen","PIT",14,0,0.428571428,0,0.285714285,0.285714285,0.285714285,0.57142857,0,0.5,0.943587336118817,-0.677914750401378,0.25360766478947233,55.398171358573244,9847
2025,"DJ LeMahieu","NYY",23,0.173913043,0.173913043,1,0.315789473,0.434782608,0.315789473,0.750572081,0,0.4,3.3655395987460173,0.7016433137485539,0.3522391060124273,127.85959840884358,9874
2025,"Jose Iglesias","SDP",11,0.181818181,0.272727272,0.666666666,0.333333333,0.454545454,0.444444444,0.898989898,0.111111111,0.5,2.05054355967519,0.776506205980751,0.40233070200139825,163.0452417113473,10231
2025,"Randal Grichuk","ARI",18,0.166666666,0.277777777,0.6,0.266666666,0.388888888,0.533333333,0.922222221,0.266666667,0.333333333,3.308392874075259,1.2236044771207226,0.3990648686885834,155.46553388329352,10243
2025,"Marcell Ozuna","ATL",15,0.133333333,0.266666666,0.5,0.307692307,0.4,0.538461538,0.938461538,0.230769231,0.375,2.8597223131319414,1.1223986490031608,0.4076230009396871,161.74205582261405,10324
2025,"Enrique Hernandez","LAD",19,0.052631578,0.315789473,0.166666666,0.111111111,0.157894736,0.111111111,0.269005847,0,0.166666666,-0.5994642673017538,-2.8000742418648756,0.12995727752384387,-24.53152502408805,10472
2025,"Mark Canha","KCR",12,0,0.166666666,0,0.166666666,0.166666666,0.25,0.416666666,0.083333334,0.2,0.0940555403601025,-1.2958033909429219,0.17917847136656442,2.174330255915149,11445
2025,"Christian Yelich","MIL",27,0,0.259259259,0,0.384615384,0.407407407,0.538461538,0.945868945,0.153846154,0.5,5.26471838082154,2.1375357853897357,0.41304815036279185,166.26592917054006,11477
2025,"Michael A. Taylor","CHW",10,0,0.3,0,0.333333333,0.3,0.777777777,1.077777777,0.444444444,0.333333333,2.016519942120522,0.8583041660346689,0.4213736951351166,175.79947250238058,11489
2025,"Manny Machado","SDP",24,0.083333333,0.25,0.333333333,0.238095238,0.291666666,0.809523809,1.101190475,0.571428571,0.083333333,5.173274298347842,2.393556435741793,0.43874488522609073,187.85614004392838,11493
2025,"Willson Contreras","STL",17,0.117647058,0.294117647,0.4,0.2,0.294117647,0.333333333,0.62745098,0.133333333,0.3,1.5372578159756138,-0.431709003370337,0.28238386616987343,79.09228772592105,11609
2025,"Nick Castellanos","PHI",19,0.105263157,0.210526315,0.5,0.235294117,0.315789473,0.352941176,0.668730649,0.117647059,0.307692307,1.9764760740057234,-0.22413390055739835,0.2993764500868948,88.59623350685949,11737
2025,"J.T. Realmuto","PHI",22,0.045454545,0.181818181,0.25,0.142857142,0.181818181,0.19047619,0.372294371,0.047619048,0.176470588,0.004206327030131962,-2.543868380358746,0.16962286829948425,0.18829349757546793,11739
2025,"Max Kepler","PHI",10,0,0.1,0,0.1,0.1,0.1,0.2,0,0.111111111,-0.6451626699720536,-1.8033784460579072,0.0887626826763153,-54.90600402574961,12144
2025,"Xander Bogaerts","SDP",19,0.052631578,0.052631578,1,0.222222222,0.263157894,0.222222222,0.485380116,0,0.235294117,0.42369669834649787,-1.776913276216624,0.19725040594736734,23.313249261716706,12161
2025,"Eugenio Suarez","ARI",17,0.058823529,0.411764705,0.142857142,0.125,0.176470588,0.5,0.676470588,0.375,0,1.5537423241572432,-0.41522449518870774,0.2835956005489125,76.79024808398901,12552
2025,"Trevor Story","BOS",19,0.052631578,0.263157894,0.2,0.166666666,0.210526315,0.222222222,0.432748537,0.055555556,0.23076923,0.4108491750309433,-1.7897607995321785,0.1964054264520344,12.928566760942376,12564
2025,"George Springer","TOR",18,0.222222222,0.222222222,1,0.153846153,0.333333333,0.153846153,0.487179486,0,0.2,1.202023718624766,-0.8827646783297703,0.25283289617962307,59.551774677675475,12856
2025,"Francisco Lindor","NYM",20,0.1,0.2,0.5,0.388888888,0.45,0.722222222,1.172222222,0.333333334,0.416666666,5.253980382951768,2.9375488307800617,0.49765969812870026,227.8334151531737,12916
2025,"Brandon Nimmo","NYM",21,0.047619047,0.19047619,0.25,0.2,0.238095238,0.2,0.438095238,0,0.25,0.5500674807590067,-1.8821856490212858,0.20211628221330188,26.46414099166039,12927
2025,"Teoscar Hernandez","LAD",16,0,0.25,0,0.1875,0.1875,0.3125,0.5,0.125,0.25,0.5621785186917179,-1.2909667230456479,0.21329103037714958,32.24814395702967,13066
2025,"Max Muncy","LAD",10,0,0.4,0,0.2,0.2,0.2,0.4,0,0.333333333,0.06515082005859707,-1.0930649560272565,0.1775253653526306,7.879115184780284,13301
2025,"Jose Ramirez","CLE",30,0.033333333,0.1,0.333333333,0.379310344,0.4,0.413793103,0.813793103,0.034482759,0.423076923,4.326793943411753,0.852146615154192,0.3496132102505914,127.25926238767592,13510
2025,"Mookie Betts","LAD",17,0.117647058,0,2,0.4,0.470588235,0.666666666,1.137254901,0.266666666,0.357142857,4.132581183656243,2.1636143643102925,0.4731595031917095,209.31020296466,13611
2025,"Ketel Marte","ARI",21,0.047619047,0.095238095,0.5,0.277777777,0.38095238,0.5,0.88095238,0.222222223,0.266666666,3.662063563803051,1.2298104340227591,0.38729885078611825,147.44872702108614,13613
2025,"Carson Kelly","CHC",15,0,0.2,0,0.133333333,0.133333333,0.133333333,0.266666666,0,0.166666666,-0.6125872599427552,-2.3499109240715357,0.11835024356842042,-31.58599397740545,13620
2025,"Corey Seager","TEX",10,0,0.3,0,0.1,0.1,0.1,0.2,0,0.142857142,-0.6451626699720536,-1.8033784460579072,0.0887626826763153,-56.72765520424038,13624
2025,"Tyrone Taylor","NYM",16,0.1875,0.25,0.75,0.23076923,0.375,0.307692307,0.682692307,0.076923077,0.333333333,1.928118936315921,0.0749736945785552,0.31997327134013176,106.76630668810346,13675
2025,"Chris Taylor","LAA",10,0,0.5,0,0,0,0,0,0,0,-1.3554761600027043,-2.513691936088558,0,-100,13757
2025,"Rob Refsnyder","BOS",24,0.291666666,0.291666666,1,0.1875,0.458333333,0.25,0.708333333,0.0625,0.333333333,3.3657803214587867,0.5860624588527377,0.34463267481845355,116.78737231684163,13770
2025,"Carlos Correa","MIN",12,0.083333333,0.333333333,0.25,0.09090909,0.166666666,0.363636363,0.530303029,0.272727273,0,0.5801112343987169,-0.8097476969043074,0.22979415953159332,42.74249403732684,14162
2025,"Matt Olson","ATL",19,0,0.315789473,0,0.157894736,0.157894736,0.368421052,0.526315788,0.210526316,0.166666666,0.7965913981180885,-1.4040185764450333,0.2217756290184824,35.114466191888845,14344
2025,"Kyle Farmer","COL",10,0.1,0.2,0.5,0.222222222,0.3,0.555555555,0.855555555,0.333333333,0.166666666,1.5615199564299087,0.403304180344055,0.3645156741142273,120.36226996404477,14813
2025,"Mitch Garver","SEA",14,0.071428571,0.214285714,0.333333333,0.23076923,0.285714285,0.307692307,0.593406592,0.076923077,0.3,1.0885872550322955,-0.5329148314878995,0.26655022161347525,74.1540266240158,15161
2025,"J.P. Crawford","SEA",20,0.25,0.15,1.666666666,0.066666666,0.3,0.066666666,0.366666666,0,0.083333333,0.7759284532356578,-1.5405030989360493,0.21786499619483948,40.04161196392731,15491
2025,"Amed Rosario","WSN",17,0.058823529,0.117647058,0.5,0.1875,0.235294117,0.5,0.735294117,0.3125,0.153846153,1.9230000390627586,-0.04596678028319247,0.31073879845002117,97.29901833422097,15518
2025,"Aaron Judge","NYY",23,0.217391304,0.260869565,0.833333333,0.333333333,0.478260869,0.722222222,1.200483091,0.388888889,0.4,5.57021687200664,2.906320587009176,0.47202275693416595,211.78874805549506,15640
2025,"Miguel Andujar","ATH",12,0,0.166666666,0,0.333333333,0.333333333,0.333333333,0.666666666,0,0.4,1.2146825681193576,-0.1751763631836667,0.295875608921051,88.62927294751456,15878
2025,"Willy Adames","SFG",10,0,0.3,0,0.111111111,0.1,0.444444444,0.544444444,0.333333333,0,0.2958930097571745,-0.8623227663286791,0.20635952949523925,27.796141193357006,15986
2025,"Cody Bellinger","NYY",28,0.071428571,0.071428571,1,0.28,0.321428571,0.4,0.721428571,0.12,0.291666666,3.157487990555651,-0.08551618248473869,0.31030115272317615,98.47481400460522,15998
2025,"Austin Slater","CHW",11,0.181818181,0.181818181,1,0.333333333,0.454545454,0.666666666,1.12121212,0.333333333,0.333333333,2.6915992871023717,1.4175619334079328,0.47515619884837756,213.48341156908234,16153
2025,"Trea Turner","PHI",26,0.076923076,0.115384615,0.666666666,0.217391304,0.307692307,0.434782608,0.742474915,0.217391304,0.210526315,3.2593254122547686,0.24796439443154966,0.3260355064502129,106.76045081173415,16252
2025,"Ryan O'Hearn","BAL",14,0,0.357142857,0,0.166666666,0.285714285,0.166666666,0.452380951,0,0.285714285,0.683587317039635,-0.93791476948056,0.23040030683789933,45.09984057901936,16442
2025,"Rhys Hoskins","MIL",28,0.107142857,0.464285714,0.23076923,0.208333333,0.285714285,0.458333333,0.744047618,0.25,0.3,3.3042859315303867,0.06128175848999691,0.3168526760169438,100.7228928398273,16472
2025,"Kyle Schwarber","PHI",26,0.115384615,0.307692307,0.375,0.217391304,0.307692307,0.52173913,0.829431437,0.304347826,0.23076923,3.8753811158329747,0.8640200980097551,0.35564472812872666,126.93477091770613,16478
2025,"Isiah Kiner-Falefa","PIT",11,0,0.181818181,0,0.272727272,0.272727272,0.272727272,0.545454544,0,0.333333333,0.6399166940889772,-0.6341206596054617,0.2420800436626781,47.543796758748044,16512
2025,"Danny Jansen","TBR",12,0,0.75,0,0.25,0.25,0.666666666,0.916666666,0.416666666,1,2.045424662422028,0.6555657311190037,0.3823854128519694,153.00607104971172,16535
2025,"Ozzie Albies","ATL",18,0.111111111,0.222222222,0.5,0.375,0.444444444,0.375,0.819444444,0,0.5,2.932650765463203,0.8478623685086664,0.37297945552402073,138.1375861607653,16556
2025,"Yandy Diaz","TBR",17,0.117647058,0.058823529,2,0.333333333,0.411764705,0.6,1.011764705,0.266666667,0.307692307,3.1273300211378676,1.1583632017919165,0.3992660403251648,164.83386806896308,16578
2025,"Luis Urias","ATH",13,0.153846153,0.23076923,0.666666666,0.09090909,0.23076923,0.09090909,0.32167832,0,0.125,0.0588213953113014,-1.4468591136003082,0.1750381588935852,3.9617548994869827,16622
2025,"Jose Trevino","CIN",10,0,0.1,0,0.4,0.4,0.6,1,0.2,0.444444444,2.0857777047239914,0.9275619286381377,0.43002833127975465,171.68365802979318,16725
2025,"Gleyber Torres","DET",15,0.333333333,0.066666666,5,0.2,0.466666666,0.4,0.866666666,0.2,0.222222222,2.763979927871753,1.0266562637429728,0.3996468504269918,162.26434473297886,16997
2025,"Edmundo Sosa","PHI",15,0.066666666,0.266666666,0.25,0.153846153,0.266666666,0.153846153,0.420512819,0,0.222222222,0.523039677190388,-1.2142839869383923,0.21295757293701173,29.714507072099615,17022
2025,"Willi Castro","MIN",15,0.066666666,0.133333333,0.5,0.428571428,0.466666666,0.928571428,1.395238094,0.5,0.4,4.966091468582434,3.228767804453653,0.5831013679504394,290.2952555239492,17338
2025,"Rafael Devers","BOS",36,0.138888888,0.111111111,1.25,0.310344827,0.444444444,0.586206896,1.03065134,0.275862069,0.304347826,7.727293956218804,3.557717162309731,0.43761267151151384,181.935929707997,17350
2025,"Taylor Ward","LAA",10,0.1,0.5,0.2,0,0.1,0,0.1,0,0,-0.8001627033606212,-1.9583784794464747,0.06939346194267274,-72.07407003998661,17548
2025,"Myles Straw","TOR",17,0.058823529,0.058823529,1,0.375,0.411764705,0.5,0.911764705,0.125,0.4,3.1128848294254827,1.1439180100795319,0.3982042109265047,161.40950514285407,17620
2025,"Andrew Benintendi","CHW",14,0,0.285714285,0,0.166666666,0.214285714,0.583333333,0.797619047,0.416666667,0.125,1.6143294590402593,-0.007172627479935767,0.3134774778570448,100.19952462505752,17901
2025,"Ian Happ","CHC",28,0.107142857,0.25,0.428571428,0.24,0.321428571,0.44,0.761428571,0.2,0.294117647,3.6735436464359017,0.43053947339551185,0.3333324747426169,114.89270768842002,17919
2025,"Ty France","MIN",14,0,0.142857142,0,0.461538461,0.5,0.538461538,1.038461538,0.076923077,0.545454545,3.244527748973225,1.6230256624530297,0.4589874488966806,203.33200465174818,17982
2025,"Tyler Stephenson","CIN",11,0,0.09090909,0,0.363636363,0.363636363,0.636363636,0.999999999,0.272727273,0.333333333,2.2912858638488562,1.0172485101544175,0.42967961593107745,171.44605992112065,17988
2025,"Harrison Bader","MIN",12,0.083333333,0.416666666,0.2,0.09090909,0.166666666,0.363636363,0.530303029,0.272727273,0,0.5801112343987169,-0.8097476969043074,0.22979415953159332,42.74249403732684,18030
2025,"Jake Cronenworth","SDP",20,0.15,0.15,1,0.2,0.368421052,0.2,0.568421052,0,0.25,1.8966206489517088,-0.41981090321999837,0.28788735050904124,85.06896688469442,18036
2025,"Dylan Moore","SEA",22,0,0.545454545,0,0.045454545,0.045454545,0.045454545,0.09090909,0,0.1,-2.271734061975299,-4.819808769364177,0.040346673943779686,-84.34065321653557,18042
2025,"Sam Haggerty","TEX",12,0.083333333,0.25,0.333333333,0.272727272,0.333333333,0.454545454,0.787878787,0.181818182,0.375,1.6296824774932457,0.23982354619022156,0.3390918622414271,118.67119940548179,18054
2025,"Dansby Swanson","CHC",20,0.05,0.5,0.1,0.105263157,0.15,0.157894736,0.307894736,0.052631579,0.222222222,-0.4350119309999778,-2.751443483171685,0.14220381379127503,-15.333301942094039,18314
2025,"Kyle Tucker","CHC",24,0.125,0.083333333,1.5,0.35,0.458333333,0.4,0.858333333,0.05,0.388888888,4.26530544892742,1.4855875863213717,0.39146895706653595,154.50415093986578,18345
2025,"Daz Cameron","MIL",20,0,0.2,0,0.25,0.25,0.45,0.7,0.2,0.266666666,2.0816707621791197,-0.23476078999258757,0.2994495302438736,88.86521425952245,18353
2025,"Austin Riley","ATL",14,0,0.357142857,0,0.285714285,0.285714285,0.5,0.785714285,0.214285715,0.375,1.8846430158480445,0.2631409293278497,0.3376054125172751,114.03539006763492,18360
2025,"Ronald Acuna Jr.","ATL",14,0.071428571,0.428571428,0.166666666,0.153846153,0.214285714,0.461538461,0.675824175,0.307692308,0.166666666,1.3193294447308732,-0.30217264178932185,0.28714605314391,79.6547744812666,18401
2025,"Trent Grisham","NYY",20,0.1,0.4,0.25,0.111111111,0.2,0.166666666,0.366666666,0.055555555,0.2,0.12030152564210528,-2.1961300265296018,0.17690054476261138,5.004632537256018,18564
2025,"Luis Arraez","SDP",20,0,0,0,0.210526315,0.210526315,0.263157894,0.473684209,0.052631579,0.210526315,0.5956307457047483,-1.7208008064669589,0.20659975315395154,29.683451267545735,18568
2025,"Ke'Bryan Hayes","PIT",12,0,0.083333333,0,0.166666666,0.166666666,0.166666666,0.333333332,0,0.181818181,-0.20594441194194368,-1.595803343244968,0.1479378044605255,-16.600262473157574,18577
2025,"Ramon Urias","BAL",12,0.083333333,0.166666666,0.5,0.272727272,0.333333333,0.363636363,0.696969696,0.090909091,0.333333333,1.3596824870328361,-0.030176444270188098,0.31097525854905445,101.55651999978295,18795
2025,"Andy Ibanez","DET",14,0.071428571,0.357142857,0.2,0.153846153,0.214285714,0.23076923,0.445054944,0.076923077,0.25,0.3782737650016449,-1.2432283215185502,0.20314830541610718,24.58315316249548,18819
2025,"Josh Naylor","ARI",18,0.055555555,0.111111111,0.5,0.235294117,0.277777777,0.529411764,0.807189541,0.294117647,0.214285714,2.467765951251502,0.38297755429696556,0.34070542454719543,115.70217501833164,18839
2025,"Brandon Lowe","TBR",12,0,0.25,0,0.09090909,0.166666666,0.09090909,0.257575756,0,0.125,-0.33594442148153447,-1.7258033527845589,0.13440017898877463,-20.750444492316234,18882
2025,"Will Smith","LAD",13,0,0,0,0.461538461,0.461538461,0.769230769,1.23076923,0.307692308,0.416666666,3.740817564211663,2.235137055300053,0.5289705716646634,247.33721944806697,19197
2025,"Lourdes Gurriel Jr.","ARI",18,0.055555555,0,1,0.352941176,0.388888888,0.411764705,0.800653593,0.058823529,0.352941176,2.677337261123166,0.5925488641686296,0.3552546434932285,125.61532314144289,19238
2025,"Pete Alonso","NYM",18,0.055555555,0.166666666,0.333333333,0.235294117,0.277777777,0.529411764,0.807189541,0.294117647,0.23076923,2.4977659130931396,0.412977516138603,0.3427881333563063,122.31127218856068,19251
2025,"Randy Arozarena","SEA",21,0.047619047,0.285714285,0.166666666,0.388888888,0.428571428,0.666666666,1.095238094,0.277777778,0.538461538,4.731321231010614,2.2990681012303207,0.45092614207948956,203.34122455089806,19290
2025,"Alex Call","WSN",13,0,0.076923076,0,0.461538461,0.461538461,0.923076923,1.384615384,0.461538462,0.4,4.381873291638845,2.8761927827272356,0.5905921459197998,287.9778236025165,19296
2025,"Bryan Reynolds","PIT",17,0.117647058,0.352941176,0.333333333,0.333333333,0.411764705,0.8,1.211764705,0.466666667,0.428571428,4.539996203193326,2.571029383847374,0.5031075477600098,225.3955647416886,19326
2025,"Eli White","ATL",18,0,0.166666666,0,0.055555555,0.055555555,0.055555555,0.11111111,0,0.066666666,-1.7295435979742166,-3.8143319949287533,0.049312601486841835,-82.39366562074788,19346
2025,"Sean Murphy","ATL",13,0.307692307,0.461538461,0.666666666,0.222222222,0.461538461,0.555555555,1.017094016,0.333333333,0.5,2.6011392741896615,1.0954587652780519,0.4194188316663106,169.779175730006,19352
2025,"Weston Wilson","PHI",15,0.133333333,0.266666666,0.5,0.076923076,0.2,0.076923076,0.276923076,0,0.111111111,-0.21227383668923946,-1.9495975008180197,0.15169973770777384,-12.023678089664665,19358
2025,"Zach McKinstry","DET",11,0.09090909,0.181818181,0.5,0.5,0.545454545,1.4,1.945454545,0.9,0.571428571,5.266912638808956,3.9928752851145175,0.7677180875431407,420.16185998514624,19392
2025,"Tommy Edman","LAD",18,0.055555555,0.222222222,0.25,0.3125,0.388888888,0.625,1.013888888,0.3125,0.363636363,3.7883928836148497,1.7036044866603133,0.432388252682156,181.53060551926734,19470
2025,"TJ Friedl","CIN",21,0.19047619,0.047619047,4,0.25,0.4,0.4375,0.8375,0.1875,0.214285714,3.4572417037354928,1.0249885739552003,0.37511071264743806,134.26539591620224,19522
2025,"Nathaniel Lowe","WSN",17,0,0.411764705,0,0.294117647,0.294117647,0.411764705,0.705882352,0.117647058,0.5,1.8472578827527484,-0.12170893659320264,0.3051711846800411,93.5055102291598,19566
2025,"Otto Lopez","MIA",14,0,0.214285714,0,0.214285714,0.214285714,0.285714285,0.499999999,0.071428571,0.272727272,0.5332737983902123,-1.0882282881299827,0.21698346308299474,30.408639000657722,19608
2025,"Vladimir Guerrero Jr.","TOR",19,0.157894736,0.157894736,1,0.266666666,0.421052631,0.533333333,0.954385964,0.266666667,0.272727272,3.7531587385660488,1.5525487640029265,0.41622857671034963,174.0386885206982,19611
2025,"Bo Bichette","TOR",20,0.05,0.1,0.5,0.315789473,0.35,0.526315789,0.876315789,0.210526316,0.3125,3.347297708851853,1.0308661566801458,0.3785276025533676,147.62264027457118,19612
2025,"Brent Rooker","ATH",16,0.1875,0.0625,3,0.307692307,0.4375,0.307692307,0.745192307,0,0.333333333,2.3384324740445255,0.48528723230715953,0.35201944783329964,127.96773543003054,19627
2025,"Fernando Tatis Jr.","SDP",19,0.052631578,0.210526315,0.25,0.166666666,0.210526315,0.222222222,0.432748537,0.055555556,0.214285714,0.4108491750309433,-1.7897607995321785,0.1964054264520344,22.73752028758431,19709
2025,"Carlos Narvaez","BOS",21,0.19047619,0.285714285,0.666666666,0.176470588,0.333333333,0.411764705,0.745098038,0.235294117,0.2,2.74674999268588,0.31449686290558754,0.33283216328847975,108.51907451088061,19722
2025,"Shohei Ohtani","LAD",29,0.034482758,0.344827586,0.1,0.178571428,0.206896551,0.392857142,0.599753693,0.214285714,0.1875,2.05811140224595,-1.3007143484030252,0.258069161711068,62.75784006070207,19755
2025,"Abraham Toro","BOS",18,0.055555555,0.111111111,0.5,0.3125,0.333333333,0.375,0.708333333,0.0625,0.333333333,1.967023771092515,-0.11776462586202144,0.30594204200638664,89.6778971403901,19844
2025,"Riley Adams","WSN",12,0,0.416666666,0,0,0,0,0,0,0,-1.6265713920032452,-3.0164303233062695,0,-100,19864
2025,"Gavin Sheets","SDP",23,0.086956521,0.260869565,0.333333333,0.095238095,0.173913043,0.19047619,0.364389233,0.095238095,0.133333333,-0.016341331898296632,-2.68023761689576,0.16849609302437824,3.721423457101801,19901
2025,"Josh Lowe","TBR",12,0,0.333333333,0,0.416666666,0.416666666,0.833333333,1.249999999,0.416666667,0.571428571,3.466051642483329,2.0761927111803047,0.5303232173124949,256.6620711250205,19953
2025,"Santiago Espinal","CIN",16,0,0.125,0,0.125,0.125,0.1875,0.3125,0.0625,0.142857142,-0.4481349236409793,-2.301280165378345,0.13438385352492332,-29.754474878544272,19997
2025,"Juan Soto","NYM",24,0.125,0.208333333,0.6,0.315789473,0.416666666,0.736842105,1.153508771,0.421052632,0.307692307,5.737103270657273,2.9573854080512243,0.46810221175352734,207.6943450305249,20123
2025,"Miguel Vargas","CHW",10,0.1,0.1,1,0.333333333,0.4,0.777777777,1.177777777,0.444444444,0.285714285,2.571833398762605,1.4136176226767516,0.4907671570777893,224.42158584647146,20178
2025,"Jo Adell","LAA",10,0.1,0.2,0.5,0.333333333,0.4,0.777777777,1.177777777,0.444444444,0.333333333,2.571833398762605,1.4136176226767516,0.4907671570777893,223.17102930386255,20220
2025,"Ernie Clement","TOR",16,0,0,0,0.4375,0.4375,0.9375,1.375,0.5,0.357142857,5.285543838272777,3.4323985965354114,0.5821937955915928,290.32600807087556,20352
2025,"Royce Lewis","MIN",13,0.307692307,0.153846153,2,0.333333333,0.538461538,0.333333333,0.871794871,0,0.428571428,2.5900752886567693,1.0843947797451596,0.4183553044612591,174.86216503220842,20437
2025,"William Contreras","MIL",20,0.25,0.25,1,0.333333333,0.5,0.333333333,0.833333333,0,0.5,3.617182413358261,1.3007508611865535,0.3953903615474701,154.23474889191567,20503
2025,"Nolan Jones","CLE",11,0,0.272727272,0,0.4,0.454545454,0.4,0.854545454,0,0.571428571,1.930543664610688,0.6565063109162489,0.3886984207413413,154.6452074227983,20529
2025,"Ivan Herrera","STL",15,0.2,0.2,1,0.166666666,0.333333333,0.25,0.583333333,0.083333334,0.222222222,1.3533530622855408,-0.38397060184323956,0.282129700978597,78.91911161260474,20599
2025,"Lars Nootbaar","STL",30,0.133333333,0.266666666,0.5,0.208333333,0.366666666,0.25,0.616666666,0.041666667,0.3125,3.16701970999764,-0.3076276182599209,0.30130370855331423,91.98337148159612,21454
2025,"Nico Hoerner","CHC",18,0,0,0,0.294117647,0.333333333,0.294117647,0.62745098,0,0.294117647,1.6920238426394456,-0.392764554315091,0.2868505252732171,83.22211067216112,21479
2025,"Brandon Lockridge","SDP",11,0,0.363636363,0,0.181818181,0.181818181,0.181818181,0.363636362,0,0.285714285,-0.07039679594167338,-1.3444341496361123,0.16138669577511874,-1.122582826628289,21496
2025,"Trevor Larnach","MIN",15,0.133333333,0.333333333,0.4,0.153846153,0.266666666,0.384615384,0.65128205,0.230769231,0.142857142,1.4390953330706393,-0.298228331058141,0.2892727573712667,84.41753149398683,21501
2025,"Jonathan India","KCR",10,0,0.2,0,0.3,0.3,0.6,0.9,0.3,0.285714285,1.716519989818476,0.5583042137326224,0.38388489484786986,145.6065592603432,21523
2025,"Cal Raleigh","SEA",20,0,0.45,0,0.315789473,0.35,0.684210526,1.034210526,0.368421053,0.5,4.313353412430058,1.9969218602583512,0.43888806104660033,194.9064682490719,21534
2025,"Nick Fortes","MIA",13,0.153846153,0.153846153,1,0,0.153846153,0,0.153846153,0,0,-0.6514920947193495,-2.157172603630959,0.1067591722194965,-44.692967906747995,21538
2025,"Romy Gonzalez","BOS",15,0,0.266666666,0,0.466666666,0.466666666,0.8,1.266666666,0.333333334,0.6,4.48003577454382,2.7427121104150394,0.5426088174184164,255.50387637126576,21562
2025,"Alec Bohm","PHI",23,0.04347826,0.217391304,0.2,0.318181818,0.347826086,0.5,0.847826086,0.181818182,0.375,3.650968350881693,0.9870720658842296,0.3677469077317611,135.1806224278373,21618
2025,"Oneil Cruz","PIT",15,0.133333333,0.4,0.333333333,0.23076923,0.333333333,0.384615384,0.717948717,0.153846154,0.428571428,1.7783530861345176,0.04102942200573733,0.3175357977549235,98.95577081948854,21711
2025,"Jonathan Aranda","TBR",17,0.117647058,0.117647058,1,0.4,0.470588235,0.533333333,1.003921568,0.133333333,0.461538461,3.668198286067566,1.6992314667216146,0.4390238944221945,192.69111620309693,21837
2025,"Bo Naylor","CLE",19,0.105263157,0.105263157,1,0.235294117,0.315789473,0.411764705,0.727554178,0.176470588,0.214285714,2.317531849130859,0.11692187456773752,0.3218076323208056,107.77664941735199,21865
2025,"Ryan Vilade","STL",11,0.181818181,0.363636363,0.5,0,0.181818181,0,0.181818181,0,0,-0.38039686271880857,-1.6544342164132475,0.1261699308048595,-27.344482929024412,22165
2025,"Brice Turang","MIL",17,0.235294117,0.176470588,1.333333333,0.307692307,0.470588235,0.461538461,0.932126696,0.153846154,0.4,3.3581982192904305,1.3892313999444794,0.4162365759120268,168.43837120102418,22186
2025,"Nick Allen","ATL",11,0.181818181,0.181818181,1,0,0.2,0,0.2,0,0,-0.2693341713903916,-1.5433715250848306,0.13878692388534547,-21.430103628767906,22277
2025,"Taylor Walls","TBR",11,0,0.272727272,0,0.4,0.363636363,0.5,0.863636363,0.1,0.5,1.6502301364216745,0.3761927827272356,0.35685411908409814,135.11698719872513,22458
2025,"Tyler Freeman","COL",12,0.083333333,0.166666666,0.5,0.2,0.25,0.3,0.55,0.1,0.222222222,0.6493689970021858,-0.7404899343008385,0.23700635631879172,33.48346505557511,22532
2025,"Lawrence Butler","ATH",16,0.125,0.375,0.333333333,0.285714285,0.375,0.5,0.875,0.214285715,0.5,2.653118912466944,0.7999736707295784,0.37659698724746704,145.18854951914068,22542
2025,"Gabriel Arias","CLE",29,0.034482758,0.310344827,0.111111111,0.214285714,0.24137931,0.357142857,0.598522167,0.142857143,0.315789473,2.086313342026331,-1.2725124086226447,0.2592843997067419,63.96831909782742,22563
2025,"Alejandro Kirk","TOR",18,0.166666666,0.111111111,1.5,0.357142857,0.444444444,0.428571428,0.873015872,0.071428571,0.384615384,3.0776506843766813,0.992862287422145,0.38304588860935634,150.78848055094764,22581
2025,"Gabriel Moreno","ARI",15,0,0,0,0.266666666,0.266666666,0.4,0.666666666,0.133333334,0.266666666,1.4080396247226392,-0.32928403940614126,0.2866855541865031,78.89559602167567,22664
2025,"Maikel Garcia","KCR",12,0.083333333,0,1,0.181818181,0.25,0.545454545,0.795454545,0.363636364,0.1,1.590424676731414,0.20056574542838979,0.335003728667895,111.3568542325479,22715
2025,"Geraldo Perdomo","ARI",20,0.15,0.1,1.5,0.294117647,0.4,0.470588235,0.870588235,0.176470588,0.285714285,3.4476111798033227,1.1311796276316153,0.38479532301425934,145.74294187036324,22799
2025,"Oswald Peraza","NYY",12,0.083333333,0.416666666,0.2,0.181818181,0.25,0.272727272,0.522727272,0.090909091,0.333333333,0.6493689970021858,-0.7404899343008385,0.23700635631879172,47.119141603506044,22823
2025,"Alexander Canario","PIT",11,0.09090909,0.545454545,0.166666666,0,0.09090909,0,0.09090909,0,0,-0.9357103193608918,-2.2097476730553307,0.06308496540242975,-74.41496478601057,22842
2025,"Eric Wagaman","MIA",18,0,0.166666666,0,0.333333333,0.333333333,0.5,0.833333333,0.166666667,0.4,2.722023709085175,0.6372353121306387,0.35835694273312885,126.73382660349797,23395
2025,"Jose Caballero","TBR",15,0.2,0.2,1,0.166666666,0.333333333,0.5,0.833333333,0.333333334,0.125,2.2944087420147694,0.5570850778859888,0.36052759885787966,137.69089466677426,23401
2025,"Julio Rodriguez","SEA",19,0.052631578,0.105263157,0.5,0.333333333,0.368421052,0.5,0.868421052,0.166666667,0.333333333,3.1828453725500774,0.9822353979869557,0.37871916043130976,152.74775439325012,23697
2025,"Jhonkensy Noel","CLE",16,0,0.3125,0,0.125,0.125,0.125,0.25,0,0.181818181,-0.7481348759430255,-2.6012801176803912,0.11095335334539413,-39.96321489289868,24257
2025,"Ceddanne Rafaela","BOS",24,0.083333333,0.208333333,0.4,0.318181818,0.375,0.636363636,1.011363636,0.318181818,0.333333333,5.011789871252733,2.2320720086466848,0.43033674856026966,176.83788818485576,24262
2025,"Johan Rojas","PHI",15,0.066666666,0.066666666,1,0.23076923,0.285714285,0.384615384,0.670329669,0.153846154,0.25,1.4556291915993262,-0.2816944725294539,0.29065016763550894,82.65055829050841,24336
2025,"Max Schuemann","ATH",10,0.2,0.1,2,0.25,0.4,0.25,0.65,0,0.285714285,1.175777733342763,0.017561957256909587,0.31631228923797605,102.94869957544923,24488
2025,"Addison Barger","TOR",13,0.153846153,0.23076923,0.666666666,0.272727272,0.384615384,0.272727272,0.657342656,0,0.375,1.4794483753726024,-0.026232133539007132,0.3115961322417626,100.72557757339061,24598
2025,"Steven Kwan","CLE",26,0.076923076,0.038461538,2,0.136363636,0.23076923,0.181818181,0.412587411,0.045454545,0.136363636,0.5976428001621932,-2.4137182176610263,0.19810819396605858,21.103813909395804,24610
2025,"Jarren Duran","BOS",35,0.028571428,0.257142857,0.111111111,0.242424242,0.285714285,0.363636363,0.649350648,0.121212121,0.333333333,3.2739681065770694,-0.779787109723418,0.2862764733178275,75.89876747913978,24617
2025,"Ryan Jeffers","MIN",14,0.214285714,0.357142857,0.6,0.181818181,0.357142857,0.272727272,0.629870129,0.090909091,0.333333333,1.4889006782858107,-0.1326014082343842,0.3022818224770682,93.53262995380257,24618
2025,"Willie MacIver","ATH",10,0,0.3,0,0.2,0.2,0.3,0.5,0.1,0.285714285,0.3651507723606434,-0.7930650037252102,0.21501416563987732,31.971856667692453,24641
2025,"Brendan Donovan","STL",26,0.076923076,0.346153846,0.222222222,0.260869565,0.346153846,0.434782608,0.780936454,0.173913043,0.384615384,3.6696389499833746,0.6582779321601551,0.34575623044600856,122.27121274666102,24679
2025,"Andy Pages","LAD",20,0,0.1,0,0.4,0.4,0.55,0.95,0.15,0.444444444,3.871555457145935,1.5551239049742285,0.41128393113613126,167.15112121158538,24816
2025,"Heriberto Hernandez","MIA",11,0.09090909,0.454545454,0.2,0.3,0.363636363,0.3,0.663636363,0,0.6,1.1952301507310603,-0.0788072029633786,0.30516500906510785,90.49136442310913,24878
2025,"David Fry","CLE",20,0.05,0.45,0.111111111,0.111111111,0.2,0.111111111,0.311111111,0,0.222222222,-0.15469840281096436,-2.4711299549826715,0.15971817970275878,-5.795026017821906,24934
2025,"Daniel Schneemann","CLE",11,0.09090909,0.272727272,0.333333333,0.1,0.181818181,0.1,0.281818181,0,0.142857142,-0.22539682933024088,-1.4994341830246798,0.14377831328998913,-16.96365732276559,25180
2025,"Will Wilson","CLE",23,0.086956521,0.434782608,0.2,0.2,0.272727272,0.3,0.572727272,0.1,0.4,1.6411892817324079,-1.0227070032650554,0.2585523887114091,63.45541888233458,25434
2025,"Isaac Collins","MIL",15,0.066666666,0.266666666,0.25,0.307692307,0.4,0.615384615,1.015384615,0.307692308,0.375,3.184722289282964,1.447398625154184,0.4346982479095459,181.01727937407094,25477
2025,"Joey Ortiz","MIL",20,0.05,0.25,0.2,0.277777777,0.35,0.444444444,0.794444444,0.166666667,0.384615384,2.8762419241871267,0.5598103720154198,0.3490954041481018,122.69155940831847,25493
2025,"Bobby Witt Jr.","KCR",10,0,0.2,0,0.3,0.3,0.3,0.6,0,0.375,0.7754643100892475,-0.38275146599660603,0.2662880480289459,63.20964383247474,25764
2025,"CJ Abrams","WSN",17,0,0.176470588,0,0.0625,0.117647058,0.0625,0.180147058,0,0.076923076,-1.013682501482887,-2.982649320828838,0.09487071458031149,-49.783261366855264,25768
2025,"Pedro Pages","STL",13,0.153846153,0.23076923,0.666666666,0.363636363,0.461538461,0.636363636,1.097902097,0.272727273,0.428571428,3.130817545132482,1.6251370362208721,0.4703342318534851,207.15275761956948,25782
2025,"Jared Triolo","PIT",10,0.2,0,2,0.571428571,0.666666666,0.857142857,1.523809523,0.285714286,0.571428571,3.702169148898253,2.5439533728123993,0.6320169501834445,313.22832094841885,25807
2025,"Shea Langeliers","ATH",10,0,0.4,0,0.3,0.3,0.3,0.6,0,0.5,0.7754643100892475,-0.38275146599660603,0.2662880480289459,67.89807293245279,25816
2025,"Corbin Carroll","ARI",14,0.071428571,0.285714285,0.25,0,0.142857142,0,0.142857142,0,0,-0.7620396868706427,-2.3835417733908377,0.10136499575206212,-47.373047871349605,25878
2025,"Michael Harris II","ATL",19,0,0.315789473,0,0.277777777,0.315789473,0.333333333,0.649122806,0.055555556,0.416666666,1.856476178941221,-0.3441337956219006,0.29148407672580917,82.61049811759563,25931
2025,"Riley Greene","DET",17,0.176470588,0.058823529,3,0.428571428,0.529411764,0.571428571,1.100840335,0.142857143,0.461538461,4.223511742709649,2.254544923363698,0.4798435779178844,218.4560127190589,25976
2025,"Francisco Alvarez","NYM",11,0.09090909,0.181818181,0.5,0.4,0.454545454,0.5,0.954545454,0.1,0.5,2.2055435930637577,0.9315062393693188,0.4199390844865279,174.87827315470759,26121
2025,"Brett Baty","NYM",11,0,0.272727272,0,0.2,0.272727272,0.2,0.472727272,0,0.285714285,0.5099166845493865,-0.7641206691450524,0.2273117249662226,43.63112136108929,26123
2025,"Kyle Stowers","MIA",10,0.2,0.2,1,0,0.2,0,0.2,0,0,-0.24484924671853786,-1.4030650228043915,0.13878692388534547,-22.870776111335427,26151
2025,"Jake Mangum","TBR",16,0,0.0625,0,0.133333333,0.133333333,0.133333333,0.266666666,0,0.142857142,-0.6534264106056056,-2.5065716523429713,0.11835024356842042,-31.996198160269714,26202
2025,"Adley Rutschman","BAL",18,0.222222222,0.111111111,2,0.214285714,0.388888888,0.214285714,0.603174602,0,0.25,1.912337208655417,-0.17245118829911943,0.3021454976664649,95.36974645634511,26288
2025,"Gunnar Henderson","BAL",17,0,0.294117647,0,0.1875,0.235294117,0.25,0.485294117,0.0625,0.272727272,0.7069444308804612,-1.26202238846549,0.22134963554494522,38.7582811132347,26289
2025,"Bryson Stott","PHI",21,0.095238095,0.19047619,0.5,0.157894736,0.238095238,0.157894736,0.395989974,0,0.2,0.39506744737043936,-2.037185682409853,0.1928928437687102,16.043351731508896,26294
2025,"Josh Jung","TEX",13,0,0.153846153,0,0.307692307,0.307692307,0.307692307,0.615384614,0,0.363636363,1.0791349521190872,-0.4265455567925224,0.2731159466963548,72.44366796652906,26299
2025,"Spencer Steer","CIN",13,0.076923076,0.307692307,0.25,0.333333333,0.384615384,0.333333333,0.717948717,0,0.5,1.6344484087611704,0.1287678998495607,0.32649553280610305,101.14131684457298,26323
2025,"Kameron Misner","TBR",10,0.2,0.3,0.666666666,0.125,0.3,0.125,0.425,0,0.2,0.46546424331211256,-0.692751532773741,0.22754960656166076,44.51682851285027,26374
2025,"Josh Smith","TEX",10,0.2,0.4,0.5,0.125,0.3,0.125,0.425,0,0.25,0.46546424331211256,-0.692751532773741,0.22754960656166076,40.51657148394136,26396
2025,"Spencer Horwitz","PIT",10,0,0.5,0,0.2,0.2,0.3,0.5,0.1,0.4,0.3651507723606434,-0.7930650037252102,0.21501416563987732,29.102390459391938,26477
2025,"Angel Martinez","CLE",31,0.032258064,0.322580645,0.1,0.166666666,0.193548387,0.3,0.493548387,0.133333334,0.210526315,1.145960442818228,-2.444508463047918,0.21557823304207094,33.34459562426832,26540
2025,"Agustin Ramirez","MIA",18,0.111111111,0.222222222,0.5,0.3125,0.388888888,0.5,0.888888888,0.1875,0.363636363,3.1633929551617803,1.0786045582072439,0.38899843560324776,147.61148736738153,26546
2025,"Elly De La Cruz","CIN",18,0.055555555,0.444444444,0.125,0.117647058,0.166666666,0.235294117,0.401960783,0.117647059,0.222222222,-0.30036979835915634,-2.385158195313693,0.14853115642772002,-20.11517329554185,26668
2025,"Spencer Torkelson","DET",15,0.2,0.133333333,1.5,0.25,0.4,0.583333333,0.983333333,0.333333333,0.222222222,2.498296789340532,0.7609731252117518,0.37751319775214565,146.75589568104706,27465
2025,"Tyler Soderstrom","ATH",17,0.117647058,0.352941176,0.333333333,0,0.117647058,0,0.117647058,0,0,-1.1936825587204312,-3.1626493780663822,0.08163936699137968,-61.48024091593732,27467
2025,"Masyn Winn","STL",30,0.066666666,0.033333333,2,0.357142857,0.4,0.5,0.9,0.142857143,0.37037037,5.347333142790746,1.872685814533185,0.3921229839324951,153.86332068071954,27479
2025,"Robert Hassell III","WSN",12,0,0.25,0,0.25,0.25,0.25,0.5,0,0.333333333,0.5043690780887069,-0.8854898532143174,0.22190670669078827,36.77304185661852,27482
2025,"Nick Gonzales","PIT",10,0,0.2,0,0.1,0.1,0.3,0.4,0.2,0.125,-0.0751627272095981,-1.2333785032954516,0.15999140739440917,-8.387508802738978,27490
2025,"Austin Wells","NYY",17,0.117647058,0.294117647,0.4,0.4,0.470588235,0.866666666,1.337254901,0.466666666,0.5,5.250309693223977,3.281342873878025,0.5553208905107835,270.1534870197999,27562
2025,"Anthony Volpe","NYY",21,0.047619047,0.285714285,0.166666666,0.368421052,0.38095238,0.526315789,0.907268169,0.157894737,0.5,3.581007807757098,1.1487546779768056,0.38247554358981906,149.04544868713057,27647
2025,"Vinnie Pasquantino","KCR",13,0,0.384615384,0,0.23076923,0.23076923,0.307692307,0.538461537,0.076923077,0.375,0.6688214143904828,-0.8368590945211268,0.23367449870476356,40.358215939981044,27676
2025,"Pete Crow-Armstrong","CHC",25,0.08,0.4,0.2,0.086956521,0.16,0.086956521,0.246956521,0,0.153846153,-0.8574365066612931,-3.752975946875927,0.12652491569519042,-26.016159888639105,27769
2025,"Edgar Quero","CHW",12,0,0.333333333,0,0.333333333,0.333333333,0.5,0.833333333,0.166666667,0.5,1.81468247272345,0.4248235414204258,0.35835694273312885,131.6453462765239,28022
2025,"Jasson Dominguez","NYY",18,0.166666666,0.222222222,0.75,0.428571428,0.5,0.428571428,0.928571428,0,0.545454545,3.4879642221052856,1.4031758251507491,0.41153137882550556,169.40408298186978,28080
2025,"Junior Caminero","TBR",16,0,0.3125,0,0.333333333,0.375,0.733333333,1.108333333,0.4,0.375,3.8452304340984433,1.9920851923610774,0.46970289945602417,214.18706147343244,28163
2025,"Javier Sanoja","MIA",13,0.076923076,0.076923076,1,0.272727272,0.333333333,0.454545454,0.787878787,0.181818182,0.3,1.7979893092794563,0.2923088003678466,0.3422159254550934,115.73610255189237,28253
2025,"Jackson Chourio","MIL",20,0.05,0.15,0.333333333,0.526315789,0.55,0.894736842,1.444736842,0.368421053,0.571428571,7.129607348703684,4.813175796531977,0.6148513913154602,303.76509161411303,28806
2025,"Jackson Merrill","SDP",27,0.037037037,0.222222222,0.166666666,0.269230769,0.296296296,0.423076923,0.719373219,0.153846154,0.35,3.0677220640575222,-0.05946053137428249,0.31136571919476547,101.06601437802809,29490
2025,"James Wood","WSN",20,0.1,0.25,0.4,0.166666666,0.25,0.388888888,0.638888888,0.222222222,0.166666666,1.7716706954019839,-0.5447608567697232,0.280080309510231,76.40977725411653,29518
2025,"Tim Tawa","ARI",17,0.058823529,0.294117647,0.2,0.2,0.235294117,0.4,0.635294117,0.2,0.2,1.3230001344586662,-0.645966684887285,0.2666343275238486,65.23364064838275,29571
2025,"Ben Rice","NYY",12,0.083333333,0.333333333,0.25,0.1,0.181818181,0.4,0.581818181,0.3,0,0.7807187458898046,-0.6091401854132197,0.2506845376708291,56.70307163698978,29576
2025,"Connor Norby","MIA",18,0,0.388888888,0,0.166666666,0.166666666,0.222222222,0.388888888,0.055555556,0.272727272,-0.008916665610869429,-2.0937050625654057,0.16876491573121813,-2.4451934938861664,29592
2025,"Henry Davis","PIT",12,0,0.25,0,0.166666666,0.166666666,0.416666666,0.583333332,0.25,0.125,0.7351112677872845,-0.6547476635157398,0.2459351768096288,50.170501742829565,29617
2025,"Sal Frelick","MIL",32,0,0.1875,0,0.2,0.2,0.233333333,0.433333333,0.033333333,0.25,0.5284825733096934,-3.177807910165038,0.1900216321150462,14.306231610659061,29622
2025,"Caleb Durbin","MIL",20,0,0.05,0,0.210526315,0.25,0.315789473,0.565789473,0.105263158,0.222222222,1.3106150252123467,-1.0058165269593604,0.25127293169498444,56.03996369079552,29646
2025,"Matt McLain","CIN",10,0.1,0.4,0.25,0.111111111,0.2,0.111111111,0.311111111,0,0.2,-0.08984921332997053,-1.2480649894158242,0.15815614461898803,-13.557162588771124,29695
2025,"Hunter Goodman","COL",11,0.09090909,0.363636363,0.25,0,0.09090909,0,0.09090909,0,0,-0.9357103193608918,-2.2097476730553307,0.06308496540242975,-85.01832643760461,29715
2025,"Denzel Clarke","ATH",15,0,0.6,0,0,0,0,0,0,0,-2.0332142400040567,-3.770537904132837,0,-100,29858
2025,"Seiya Suzuki","CHC",26,0.23076923,0.115384615,2,0.25,0.423076923,0.5,0.923076923,0.25,0.25,4.900265758332043,1.8889047405088233,0.4049033201657809,163.65768913572794,30116
2025,"Zach Neto","LAA",12,0.083333333,0.333333333,0.25,0.272727272,0.333333333,0.545454545,0.878787878,0.272727273,0.333333333,1.7246971350744063,0.3348382037713818,0.34898626804351807,123.82901258267187,31347
2025,"Victor Scott II","STL",17,0.117647058,0.235294117,0.5,0.076923076,0.25,0.076923076,0.326923076,0,0.111111111,0.24702277953914697,-1.7219440398068042,0.18754196166992188,14.471509725852755,31349
2025,"Jordan Beck","COL",12,0,0.25,0,0.166666666,0.166666666,0.166666666,0.333333332,0,0.222222222,-0.20594441194194368,-1.595803343244968,0.1479378044605255,-27.203624124751617,31431
2025,"Chase Meidroth","CHW",10,0,0,0,0.2,0.2,0.2,0.4,0,0.2,0.06515082005859707,-1.0930649560272565,0.1775253653526306,4.941573248901985,31580
2025,"Brooks Lee","MIN",15,0,0.333333333,0,0.2,0.2,0.2,0.4,0,0.3,0.0977262300878956,-1.6395974340408848,0.1775253653526306,6.119170113410239,31595
2025,"Jackson Holliday","BAL",20,0,0.3,0,0.263157894,0.3,0.47368421,0.77368421,0.210526316,0.333333333,2.661984242670179,0.34555269049847187,0.3357082962989807,118.88628754782746,31781
2025,"Nolan Schanuel","LAA",13,0,0.23076923,0,0.461538461,0.461538461,0.461538461,0.923076922,0,0.6,2.4997619321803883,0.9940814232687788,0.4096739200445322,166.35120143985458,33189
2025,"Ben Williamson","SEA",18,0.055555555,0.333333333,0.166666666,0.375,0.444444444,0.4375,0.881944444,0.0625,0.6,3.257650741614226,1.1728623446596897,0.3955421613322364,164.5351740390424,33197
2025,"Jacob Wilson","ATH",15,0.066666666,0,1,0.5,0.533333333,0.785714285,1.319047618,0.285714285,0.461538461,4.735349278883857,2.9980256147550763,0.563878591855367,276.4116813760178,33266
2025,"Matt Shaw","CHC",18,0.055555555,0.166666666,0.333333333,0.235294117,0.277777777,0.294117647,0.571895424,0.05882353,0.285714285,1.2567102810618649,-0.8280781158926716,0.25662944051954484,62.63089607050473,33322
2025,"Wyatt Langford","TEX",11,0,0.363636363,0,0.181818181,0.181818181,0.454545454,0.636363635,0.272727273,0.166666666,0.8706588837875547,-0.4033784699068842,0.2682929201559587,69.06430431260979,33333
2025,"Kristian Campbell","BOS",23,0.04347826,0.173913043,0.25,0.4,0.478260869,0.6,1.078260869,0.2,0.466666666,5.5219088018944635,2.858012516897,0.4693981020346932,204.2071172568398,33644
2025,"Jac Caglianone","KCR",13,0,0.153846153,0,0.153846153,0.153846153,0.23076923,0.384615383,0.076923077,0.181818181,-0.041492075640167755,-1.5471725845517774,0.16539551203067487,-7.483014864007625,35041