Name,Team,G,PA,HR,R,RBI,SB,BB%,K%,ISO,BABIP,AVG,OBP,SLG,wOBA,xwOBA,wRC+,BsR,Off,Def,WAR,NameASCII,PlayerId,MLBAMID
"Shohei Ohtani","LAD",18,87,10,20,21,2,0.126436781,0.195402298,0.493333334,0.326530612,0.346666666,0.425287356,0.84,0.5111596246799791,,237.04082791070192,0.00380162475630641,13.81340455603312,-2.01174408942461,1.529476214834391,"Shohei Ohtani",19755,660271
"Aaron Judge","NYY",16,74,6,16,11,1,0.121621621,0.27027027,0.40625,0.435897435,0.359375,0.432432432,0.765625,0.48581949387277873,,220.89039133035277,-0.5764526254497468,9.60492850148752,0.1938241943717003,1.2775064495037811,"Aaron Judge",15640,592450
"Freddie Freeman","LAD",18,79,4,15,17,0,0.075949367,0.202531645,0.281690141,0.490566037,0.422535211,0.455696202,0.704225352,0.48266202056562746,,217.4764993984227,-0.033930592238903046,10.71561369341135,-1.1712148445658386,1.2664610812052188,"Freddie Freeman",5361,518692
"Rafael Devers","BOS",17,75,5,9,20,1,0.173333333,0.186666666,0.306451613,0.465116279,0.403225806,0.506666666,0.709677419,0.5133286456804018,,234.3983712300655,-0.48719147918745875,10.984790623616723,-1.7667587846517563,1.22031162742026,"Rafael Devers",17350,646240
"Jake Meyers","HOU",18,70,3,12,11,1,0.128571428,0.071428571,0.233333333,0.384615384,0.383333333,0.463768115,0.616666666,0.4651502984157507,,207.9798942139965,-0.19607410626485944,8.406414964435836,0.6445013470947742,1.1856725381026552,"Jake Meyers",20308,676694
"Pete Crow-Armstrong","CHC",17,73,6,15,18,2,0.04109589,0.301369863,0.347826087,0.38095238,0.318840579,0.342465753,0.666666666,0.42381135976477846,,177.93242167064022,-0.03841976588591933,6.551088346329523,2.288290673866868,1.1723489138116894,"Pete Crow-Armstrong",27769,691718
"Dansby Swanson","CHC",17,69,4,14,10,3,0.115942028,0.188405797,0.233333334,0.409090909,0.366666666,0.434782608,0.6,0.43984983160215263,,188.94323965387215,0.6716483603231609,7.780083415936737,0.5103791924193501,1.1013692033802627,"Dansby Swanson",18314,621020
"José Ramírez","CLE",15,63,4,11,8,5,0.111111111,0.063492063,0.309090909,0.340425531,0.363636363,0.444444444,0.672727272,0.47250370825490645,,212.819806996685,0.07250478081550682,8.161770355124327,0.23690743884071708,1.0935056238792138,"Jose Ramirez",13510,608070
"Geraldo Perdomo","ARI",17,68,1,9,12,4,0.132352941,0.117647058,0.192982456,0.4,0.368421052,0.44117647,0.561403508,0.4281817753525341,,176.69705696724648,0.9674290562979877,7.008300273642464,0.8052700026892126,1.048160110569027,"Geraldo Perdomo",22799,672695
"Jacob Wilson","ATH",17,73,2,10,10,3,0.09589041,0.05479452,0.15625,0.362068965,0.359375,0.438356164,0.515625,0.4196347406465713,,174.90834347851296,0.45986500778235495,6.6833872379594785,0.5571204549632967,1.0069625165638145,"Jacob Wilson",33266,805779
"CJ Abrams","WSN",17,78,4,14,7,4,0.089743589,0.166666666,0.246376812,0.384615384,0.347826086,0.423076923,0.594202898,0.43936218053866655,,186.3977287201743,0.22679657209664583,8.032443328532766,-0.9686029404401779,1.004049635824391,"CJ Abrams",25768,682928
"Cody Bellinger","NYY",15,68,4,11,12,1,0.102941176,0.147058823,0.262295082,0.361702127,0.344262295,0.411764705,0.606557377,0.43787389467744264,,187.3912155693963,-0.3808878343552351,6.382431365716504,0.8053482733666897,0.9842665989340517,"Cody Bellinger",15998,641355
"Riley Greene","DET",16,68,6,10,18,1,0.073529411,0.25,0.365079365,0.375,0.333333333,0.382352941,0.698412698,0.457874579464688,,202.54670659322875,-0.31522067805053666,7.621001573662656,-0.5372901251539588,0.9734008613824264,"Riley Greene",25976,682985
"Corbin Carroll","ARI",18,83,6,15,11,4,0.108433734,0.240963855,0.315068493,0.276595744,0.260273972,0.34939759,0.575342465,0.3949825878602913,,153.90497213679274,0.9571915846318007,6.139447827745116,0.11767470836639404,0.9369047285747949,"Corbin Carroll",25878,682998
"Will Smith","LAD",16,62,1,6,9,0,0.193548387,0.129032258,0.145833333,0.425,0.375,0.5,0.520833333,0.44754726848294657,,193.36933085835466,-0.6873946773121133,6.017746108629171,0.8569231430301443,0.9296284574496496,"Will Smith",19197,669257
"Ryan McMahon","COL",17,67,3,12,7,0,0.164179104,0.253731343,0.25,0.416666666,0.321428571,0.43283582,0.571428571,0.42946711363214435,,165.9569749599189,-0.0934316550847143,5.025124790161997,1.6415471266955137,0.924995831527617,"Ryan McMahon",15112,641857
"Cal Raleigh","SEA",17,68,5,12,14,1,0.176470588,0.235294117,0.333333333,0.264705882,0.259259259,0.397058823,0.592592592,0.4199488294475219,,181.16814034887287,-0.801608182489872,5.480099177670625,0.8809904222143814,0.8979520685008519,"Cal Raleigh",21534,663728
"Bobby Witt Jr.","KCR",18,78,2,8,11,7,0.064102564,0.217948717,0.25,0.314814814,0.263888888,0.307692307,0.513888888,0.3388938535200922,,113.83158937082774,1.4803763893432915,2.7082393019198303,3.1257888302206993,0.8773028787996919,"Bobby Witt Jr.",25764,677951
"Maikel Garcia","KCR",18,76,3,6,9,3,0.118421052,0.171052631,0.227272727,0.38,0.333333333,0.413333333,0.56060606,0.4211164863904317,,171.2798323019544,-0.1682193181477487,5.9972118475313625,-0.31294119358062744,0.8547904953703114,"Maikel Garcia",22715,672580
"Manny Machado","SDP",16,67,1,14,7,1,0.149253731,0.164179104,0.122807018,0.444444444,0.368421052,0.462686567,0.49122807,0.4224068744858699,,178.11448047600686,0.04739089868962765,6.10942418251649,-0.29781634407117963,0.8357187737200384,"Manny Machado",11493,592518
"Kyle Schwarber","PHI",17,76,8,14,14,2,0.118421052,0.197368421,0.393939394,0.255813953,0.287878787,0.381578947,0.681818181,0.4453860712051392,,189.56732411475036,-0.054997232742607594,7.829520912548695,-2.4985472187399864,0.8162876618167278,"Kyle Schwarber",16478,656941
"Isaac Paredes","HOU",17,75,4,9,11,0,0.16,0.133333333,0.238095238,0.285714285,0.285714285,0.4,0.523809523,0.4026846432685852,,164.3356808572523,-0.5614233174419496,4.930144568471637,0.35849760100245476,0.8100448912441129,"Isaac Paredes",20036,670623
"James Wood","WSN",17,75,3,11,9,4,0.106666666,0.253333333,0.196969697,0.444444444,0.348484848,0.413333333,0.545454545,0.410376544739749,,166.49835406987813,0.2589517526794225,6.035709088990594,-0.7409067619591951,0.8090941508604107,"James Wood",29518,695578
"Heliot Ramos","SFG",16,67,3,10,12,0,0.089552238,0.164179104,0.232142858,0.431818181,0.392857142,0.462686567,0.625,0.4585948306502718,,201.22594645587094,-0.3593795127235353,7.496206965776385,-1.9623315297067165,0.8067207929044127,"Heliot Ramos",22515,671218
"Mookie Betts","LAD",18,78,4,20,11,3,0.115384615,0.115384615,0.205882353,0.267857142,0.279411764,0.358974358,0.485294117,0.3670645891091762,,138.11592876537281,0.3685216515441425,3.8121246274926306,1.3170553082600236,0.8020521511887135,"Mookie Betts",13611,605141
"Byron Buxton","MIN",12,51,4,10,10,1,0.137254901,0.294117647,0.348837209,0.36,0.302325581,0.392156862,0.65116279,0.4311041963100433,,183.33447203602105,0.6379695846699178,5.47499151310534,0.40758151235058904,0.7895422396783796,"Byron Buxton",14161,621439
"Alec Bohm","PHI",16,64,3,7,8,0,0.078125,0.140625,0.192982457,0.369565217,0.350877192,0.40625,0.543859649,0.4106885576620698,,165.7466004219119,-0.1512388337869197,4.722533526401996,0.20171476490941131,0.7328191540916161,"Alec Bohm",21618,664761
"Kyle Stowers","MIA",17,70,6,8,11,0,0.071428571,0.3,0.35483871,0.342857142,0.29032258,0.36231884,0.64516129,0.42368559188702526,,172.60994715153984,-0.08017815952189267,5.806985726654676,-1.0906069744378328,0.7316167375684437,"Kyle Stowers",26151,669065
"Lourdes Gurriel Jr.","ARI",17,76,4,10,14,0,0.105263157,0.157894736,0.294117647,0.307692307,0.294117647,0.368421052,0.588235294,0.40857705709181336,,163.23792030072727,-0.21289873588830233,5.35386944670003,-0.8759086416102946,0.7272247682869386,"Lourdes Gurriel Jr.",19238,666971
"Jeremy Peña","HOU",18,78,2,6,11,1,0.038461538,0.102564102,0.125,0.349206349,0.333333333,0.363636363,0.458333333,0.35900809935161043,,133.81925712157403,-0.13982356432825327,2.8623919032630694,1.5206097112968564,0.7258015100006112,"Jeremy Pena",21636,665161
"Rhys Hoskins","MIL",17,67,3,9,13,1,0.119402985,0.253731343,0.275862069,0.41025641,0.327586206,0.402985074,0.603448275,0.42339481006969104,,174.69007748426384,-0.05613366886973381,5.740150616990501,-1.1022165110334754,0.7131757499771085,"Rhys Hoskins",16472,656555
"TJ Friedl","CIN",16,65,2,9,6,2,0.184615384,0.215384615,0.196078431,0.361111111,0.294117647,0.43076923,0.490196078,0.4035209169754615,,154.86277384971194,0.709885569754988,4.840389915689799,-0.19313871022313833,0.7073148137942975,"TJ Friedl",19522,670770
"Alex Bregman","BOS",17,73,4,9,9,0,0.123287671,0.136986301,0.274193548,0.25,0.258064516,0.369863013,0.532258064,0.3868471591009034,,146.0268497444015,-0.48543286649510264,3.3385620220245116,0.8372417772188783,0.6869774375657616,"Alex Bregman",17678,608324
"Masyn Winn","STL",16,68,2,12,9,0,0.117647058,0.161764705,0.155172414,0.326086956,0.293103448,0.382352941,0.448275862,0.3660470501464956,,137.18372206056335,-0.8606713903136551,2.0680208598377274,2.132231133058667,0.6708943203063203,"Masyn Winn",27479,691026
"Vladimir Guerrero Jr.","TOR",16,72,2,13,4,0,0.194444444,0.138888888,0.140350877,0.369565217,0.333333333,0.458333333,0.47368421,0.40488918934549606,,165.68143026673198,-0.35041437624022365,5.031766510223162,-1.011454589664936,0.6673044451633205,"Vladimir Guerrero Jr.",19611,665489
"Josh Jung","TEX",17,63,5,9,11,1,0.047619047,0.222222222,0.266666666,0.31707317,0.3,0.333333333,0.566666666,0.38708482185999554,,151.92871988847162,-0.03459441941231489,3.6887341103385114,0.6256777681410313,0.6670682919363041,"Josh Jung",26299,673962
"Bo Bichette","TOR",16,74,4,7,9,1,0.108108108,0.229729729,0.257575758,0.311111111,0.272727272,0.351351351,0.53030303,0.3808103131281363,,148.85772756890202,-0.049743339885026217,4.0650513919454605,-0.14528367668390274,0.6636828832778068,"Bo Bichette",19612,666182
"Chase Meidroth","CHW",16,64,1,9,3,6,0.09375,0.171875,0.086206897,0.369565217,0.310344827,0.375,0.396551724,0.3453762559220195,,122.26569602911957,0.7718221652321517,2.3936301774317705,1.7429108060896397,0.6519349483402632,"Chase Meidroth",31580,805367
"Gunnar Henderson","BAL",17,76,4,8,8,1,0.078947368,0.289473684,0.228571429,0.363636363,0.285714285,0.342105263,0.514285714,0.37045804999376597,,142.88401484205488,0.5994064179249108,4.308708657815298,-0.5721103679388762,0.6514344398094531,"Gunnar Henderson",26289,683002
"Ketel Marte","ARI",17,70,6,13,9,1,0.128571428,0.142857142,0.322033898,0.186046511,0.237288135,0.357142857,0.559322033,0.38132658200477487,,144.52977751864645,0.06531278463080525,3.675756096483474,0.010328984528314322,0.624043995401845,"Ketel Marte",13613,606466
"Zach Neto","LAA",17,77,4,16,10,3,0.077922077,0.311688311,0.246376812,0.357142857,0.275362318,0.337662337,0.52173913,0.3689133168815018,,137.46684486301143,0.8174979346804321,4.100877107934967,-0.6697303727269173,0.6229804267809755,"Zach Neto",31347,687263
"Willson Contreras","STL",17,71,3,11,15,0,0.084507042,0.225352112,0.20967742,0.363636363,0.306451612,0.38028169,0.516129032,0.3882972690421091,,152.45906205746786,-0.300461427308619,4.013644805704904,-0.4248846471309662,0.6172991873125414,"Willson Contreras",11609,575929
"Daniel Schneemann","CLE",15,51,4,10,9,0,0.098039215,0.176470588,0.304347826,0.272727272,0.282608695,0.352941176,0.586956521,0.40238598047518265,,163.8291566289166,0.1345691978931427,3.839434936457558,0.37896079337224364,0.615785843667026,"Daniel Schneemann",25180,682177
"Taylor Ward","LAA",17,73,7,11,18,0,0.06849315,0.301369863,0.388059701,0.23076923,0.23880597,0.287671232,0.626865671,0.3818673752758601,,146.5177335004094,0.09322146931663156,3.957999878417289,-0.48781050369143486,0.6133043862027675,"Taylor Ward",17548,621493
"Julio Rodríguez","SEA",17,73,4,10,11,0,0.04109589,0.109589041,0.188405797,0.263157894,0.275362318,0.315068493,0.463768115,0.3399356081061167,,125.26359415692998,-0.2953706318512559,1.8035749935439562,1.65046788752079,0.6116185342480821,"Julio Rodriguez",23697,677594
"Bryce Harper","PHI",17,76,2,9,14,1,0.118421052,0.184210526,0.184615385,0.392156862,0.338461538,0.407894736,0.523076923,0.4004749208688736,,158.73467953462017,0.04579872690374032,5.216151320616182,-1.9461242500692606,0.60110466504654,"Bryce Harper",11579,547180
"Trea Turner","PHI",17,78,1,13,6,4,0.025641025,0.179487179,0.144736842,0.37704918,0.315789473,0.333333333,0.460526315,0.3442275623480479,,120.11944031543291,0.23297550017014146,2.050676571318765,1.0624402295798063,0.5915554298572288,"Trea Turner",16252,607208
"Brendan Donovan","STL",17,75,0,10,5,0,0.066666666,0.093333333,0.102941177,0.360655737,0.323529411,0.386666666,0.426470588,0.3615672095616658,,134.1081977978022,0.36085414607077837,3.3238565333141863,-0.13661014335229993,0.5890446855900949,"Brendan Donovan",24679,680977
"Matt Olson","ATL",18,77,6,10,11,0,0.09090909,0.324675324,0.308823529,0.282051282,0.25,0.311688311,0.558823529,0.36640617522326385,,134.73424631228787,-0.11851735963136889,2.9793339593365564,0.1353306993842125,0.5883001750855013,"Matt Olson",14344,621566
"Kyle Tucker","CHC",17,76,3,10,6,5,0.157894736,0.118421052,0.21875,0.25,0.25,0.368421052,0.46875,0.3585039651071703,,133.09723769392622,1.1414443869143724,4.054959708891098,-0.9691714001819491,0.5818683352716641,"Kyle Tucker",18345,663656
"Jackson Holliday","BAL",16,70,4,6,9,0,0.042857142,0.2,0.257575757,0.333333333,0.303030303,0.342857142,0.56060606,0.3882222635405404,,155.29571730997287,-0.7919983025640249,3.6132736906913507,-0.3867987925186753,0.5775438540830937,"Jackson Holliday",31781,702616
"Francisco Lindor","NYM",17,79,3,7,12,5,0.088607594,0.189873417,0.173913044,0.269230769,0.246376811,0.329113924,0.420289855,0.33048111577577227,,114.83978649626245,0.6892649559304118,2.047161581621914,0.8655618228949606,0.5740492644161923,"Francisco Lindor",12916,596019
"Nico Hoerner","CHC",17,72,0,17,8,4,0.027777777,0.125,0.086956521,0.35,0.304347826,0.333333333,0.391304347,0.3200555659002728,,106.70143579294546,0.707841808674857,1.2667137712265084,1.6176585191860795,0.547171066713097,"Nico Hoerner",21479,663538
"Fernando Tatis Jr.","SDP",16,69,4,12,9,1,0.086956521,0.217391304,0.241935484,0.232558139,0.225806451,0.304347826,0.467741935,0.3310776554486331,,115.41465361180518,0.3114643129520118,1.5434192600700876,1.3718412946909666,0.5401455049677079,"Fernando Tatis Jr.",19709,665487
"Ernie Clement","TOR",16,57,1,7,5,1,0.035087719,0.175438596,0.134615385,0.357142857,0.307692307,0.327272727,0.442307692,0.332816114208915,,115.32459560091743,0.010038695763796568,1.0041776015528745,2.2750252904370427,0.538353631402972,"Ernie Clement",20352,676391
"William Contreras","MIL",16,64,1,10,5,1,0.171875,0.21875,0.132075472,0.342105263,0.264150943,0.390625,0.396226415,0.35582672618329525,,128.30287297422024,-0.16134562902152538,1.936736387850626,1.1202169321477413,0.5378552849424426,"William Contreras",20503,661388
"Javier Báez","DET",13,54,4,12,16,0,0.018518518,0.166666666,0.269230769,0.256410256,0.269230769,0.296296296,0.538461538,0.35852007954208936,,133.1285762244914,0.17408346943557262,2.210092608857988,1.1323000006377697,0.5346369006382499,"Javier Baez",12979,595879
"Trent Grisham","NYY",15,62,4,10,7,0,0.161290322,0.177419354,0.269230769,0.243243243,0.25,0.370967741,0.519230769,0.38635266596271145,,151.39377836762895,-0.29823972191661596,3.328241463773617,-0.3141392348334193,0.5278651205822674,"Trent Grisham",18564,663757
"Miguel Vargas","CHW",16,66,4,8,9,0,0.075757575,0.09090909,0.271186441,0.24,0.27118644,0.333333333,0.542372881,0.3737630302255804,,142.09928988634454,0.008044426329433918,3.170335905110428,-0.3957528658211231,0.5166094473776544,"Miguel Vargas",20178,678246
"Addison Barger","TOR",15,52,2,7,7,1,0.076923076,0.269230769,0.208333333,0.34375,0.270833333,0.326923076,0.479166666,0.350221254504644,,127.48541669182262,0.14031202759360895,1.7669423392086483,1.3027681034291163,0.4992899767185378,"Addison Barger",24598,680718
"Nolan Schanuel","LAA",16,70,1,12,5,0,0.142857142,0.085714285,0.118644068,0.365384615,0.33898305,0.434782608,0.457627118,0.38842377822790575,,151.09863557560118,-0.5660740843632084,3.5048268668422864,-1.0390479881316423,0.4981197451559405,"Nolan Schanuel",33189,694384
"Brice Turang","MIL",15,60,1,7,4,5,0.166666666,0.25,0.1,0.352941176,0.26,0.383333333,0.36,0.34059139490127566,,117.84343136647028,1.2405565651133657,2.4806133995174875,0.30355550814419985,0.49570645760457893,"Brice Turang",22186,668930
"Paul Goldschmidt","NYY",16,65,3,14,12,2,0.076923076,0.107692307,0.203389831,0.306122448,0.305084745,0.369230769,0.508474576,0.37796168122440577,,145.53106985478283,0.2268824721686542,3.595133132894778,-0.9883812838234007,0.49564811009343357,"Paul Goldschmidt",9218,502671
"Yoán Moncada","LAA",13,56,4,9,12,0,0.089285714,0.25,0.326530612,0.258064516,0.244897959,0.339285714,0.571428571,0.38929349184036255,,151.7062969596354,0.09368661046028137,3.38913606589427,-0.5652076508849859,0.4873804019382643,"Yoan Moncada",17232,660162
"Xander Bogaerts","SDP",16,67,2,7,12,4,0.134328358,0.149253731,0.127272727,0.260869565,0.254545454,0.343283582,0.381818181,0.3199776998206751,,107.79425234909945,0.5247232471592724,1.129592112379457,1.2794470377266407,0.48045730367068257,"Xander Bogaerts",12161,593428
"Steven Kwan","CLE",16,70,0,7,2,3,0.1,0.057142857,0.064516129,0.327586206,0.306451612,0.385714285,0.370967741,0.3425936894757407,,122.05279969613262,0.38971131248399615,2.1466029055463456,0.06717605888843536,0.4718084879270225,"Steven Kwan",24610,680757
"Willy Adames","SFG",17,75,3,12,8,0,0.093333333,0.293333333,0.23880597,0.285714285,0.223880597,0.306666666,0.462686567,0.3343484401702881,,115.9276459369457,0.02544997353106737,1.4090954306762362,0.6324710766784847,0.4694244937344945,"Willy Adames",15986,642715
"Shea Langeliers","ATH",16,65,3,7,11,2,0.092307692,0.123076923,0.192982456,0.270833333,0.280701754,0.338461538,0.47368421,0.3437973279505968,,121.92139869535612,0.019539913395419717,1.6412186017102262,0.47716468933504075,0.44465765325274464,"Shea Langeliers",25816,669127
"Kerry Carpenter","DET",17,71,3,13,8,1,0.042253521,0.211267605,0.191176471,0.36,0.308823529,0.338028169,0.5,0.3630479204822594,,136.29213955497465,0.24925493844784796,3.1818635989248527,-1.368823345284909,0.433405563278238,"Kerry Carpenter",25961,681481
"Juan Soto","NYM",16,74,3,10,6,4,0.189189189,0.189189189,0.186440678,0.255813953,0.237288135,0.378378378,0.423728813,0.35771693490646983,,133.53786759233745,0.6405426310375333,3.5151539458070977,-1.787862554192543,0.4331942297446906,"Juan Soto",20123,665742
"Austin Wells","NYY",15,52,3,7,11,2,0.096153846,0.192307692,0.255813954,0.15625,0.186046511,0.288461538,0.441860465,0.3142814269432655,,101.038226580987,0.34558770147850737,0.4070315881000402,1.982942704576999,0.4283188704750943,"Austin Wells",27562,669224
"Brandon Lowe","TBR",16,63,3,10,9,2,0.111111111,0.269841269,0.214285714,0.305555555,0.25,0.333333333,0.464285714,0.34905481433111524,,129.33671902809365,0.23869455722160637,2.342159521526157,-0.4084764216095209,0.4184969086282745,"Brandon Lowe",18882,664040
"Jasson Domínguez","NYY",13,51,3,10,9,1,0.176470588,0.215686274,0.268292683,0.285714285,0.268292682,0.392156862,0.536585365,0.3987143589001076,,160.03078638009924,0.2380549442023039,3.722450093142001,-1.4131981199607253,0.41645255177878615,"Jasson Dominguez",28080,691176
"Ryan O'Hearn","BAL",16,66,2,7,3,0,0.136363636,0.242424242,0.142857143,0.368421052,0.285714285,0.393939393,0.428571428,0.36846978736646246,,141.49483292903668,-0.2960303910076618,2.82085725577177,-1.0176511276513338,0.41518819154334696,"Ryan O'Hearn",16442,656811
"Ceddanne Rafaela","BOS",17,61,0,9,3,0,0.032786885,0.229508196,0.140350877,0.372093023,0.280701754,0.305084745,0.421052631,0.3150995131266319,,95.89738962158798,0.34108604257926345,0.05626419375128611,1.8544014741200954,0.4092174263484691,"Ceddanne Rafaela",24262,678882
"Austin Riley","ATL",18,80,2,11,8,2,0.075,0.2125,0.123287672,0.351851851,0.287671232,0.35,0.410958904,0.33373257027396674,,112.30298723719402,-0.26820144709199667,0.8718186976683933,0.2708926633495139,0.392659551259345,"Austin Riley",18360,663586
"Victor Scott II","STL",17,62,0,10,4,3,0.112903225,0.258064516,0.05882353,0.388888888,0.274509803,0.366666666,0.333333333,0.3193294217189153,,105.11088442115357,0.2336475730407983,0.6006760102103494,1.1061373418197036,0.39005372668891714,"Victor Scott II",31349,687363
"Wilmer Flores","SFG",16,66,3,9,13,0,0.136363636,0.106060606,0.175438596,0.29787234,0.298245614,0.393939393,0.47368421,0.38319074204473785,,149.45912582322907,-0.5399398589506745,3.2410223514680077,-1.7249569999985397,0.38380523379464027,"Wilmer Flores",5827,527038
"Andy Pages","LAD",17,73,3,8,13,2,0.01369863,0.219178082,0.180555555,0.283018867,0.25,0.260273972,0.430555555,0.2975578887821877,,90.39781486551279,0.7000802415423095,-0.11182416848753318,1.3921924559399486,0.3831142176139071,"Andy Pages",24816,681624
"Matt Chapman","SFG",16,66,3,11,8,1,0.075757575,0.272727272,0.196721311,0.3,0.245901639,0.303030303,0.44262295,0.325627195112633,,109.94028985397844,-0.2649217168800533,0.49497566652353686,0.963143540546298,0.3777550892336634,"Matt Chapman",16505,656305
"Carlos Santana","CLE",16,66,3,10,16,0,0.181818181,0.212121212,0.192307693,0.25,0.23076923,0.378787878,0.423076923,0.3583853253812501,,133.08627921521116,-0.6171924150548875,1.8680860566080888,-0.4848237410187721,0.37134194776604473,"Carlos Santana",2396,467793
"Gavin Sheets","SDP",15,56,3,7,11,0,0.017857142,0.267857142,0.222222223,0.388888888,0.314814814,0.339285714,0.537037037,0.3789053335785866,,148.24956854567952,-0.3390975473448634,2.7905355523503648,-1.1087763456162065,0.36693663107132035,"Gavin Sheets",19901,657757
"Ryan Jeffers","MIN",13,57,2,6,7,0,0.105263157,0.210526315,0.156862745,0.351351351,0.294117647,0.368421052,0.450980392,0.35587062367371153,,130.76942508350905,-0.1889261999167502,1.807151437684822,-0.23769669514149427,0.3598391922769728,"Ryan Jeffers",24618,680777
"Randy Arozarena","SEA",16,64,1,6,3,1,0.09375,0.25,0.127272728,0.368421052,0.272727272,0.375,0.4,0.34950265008956194,,131.9480037022185,-0.3261947291903198,2.0008615779773593,-0.7015454975189641,0.35570090216887196,"Randy Arozarena",19290,668227
"Eugenio Suárez","ARI",18,76,4,11,17,0,0.065789473,0.197368421,0.246153846,0.25,0.246153846,0.328947368,0.492307692,0.35321870995195287,,125.2330099582612,-0.9847659603692591,1.236469594478164,-0.3985614124685526,0.3471676513316732,"Eugenio Suarez",12552,553993
"Trey Sweeney","DET",16,63,3,11,14,0,0.015873015,0.238095238,0.166666667,0.363636363,0.316666666,0.317460317,0.483333333,0.34153248014904203,,121.25948735345766,-0.669452011352405,0.8548693268398488,0.31789316423237324,0.33904935037167305,"Trey Sweeney",29575,700242
"Vinnie Pasquantino","KCR",18,76,4,7,8,0,0.039473684,0.184210526,0.178082191,0.327272727,0.301369863,0.328947368,0.479452054,0.35206042465410736,,123.03095882266291,-0.7056039813905954,1.286485319538147,-0.5513923726975918,0.338047907986524,"Vinnie Pasquantino",27676,686469
"J.P. Crawford","SEA",16,76,2,4,5,1,0.118421052,0.210526315,0.134328358,0.306122448,0.253731343,0.342105263,0.388059701,0.32710210822130503,,116.29693870815754,0.018033412750810385,1.4276558904075327,-0.7877752333879471,0.32810681314118434,"J.P. Crawford",15491,641487
"Marcell Ozuna","ATL",18,78,3,7,10,0,0.179487179,0.23076923,0.193548387,0.285714285,0.241935483,0.384615384,0.43548387,0.3606320426061556,,130.77015771939168,-0.3395865629427135,2.440358990664347,-1.9190719574689865,0.3209430373587385,"Marcell Ozuna",10324,542303
"Trevor Larnach","MIN",16,71,3,11,9,0,0.056338028,0.267605633,0.227272728,0.363636363,0.287878787,0.338028169,0.515151515,0.36862727118210054,,139.6823844411149,-0.40136309154331684,2.8051963923391905,-2.073175337165594,0.32053657964394056,"Trevor Larnach",21501,663616
"Gleyber Torres","DET",16,70,1,7,9,0,0.114285714,0.1,0.120689655,0.274509803,0.258620689,0.371428571,0.379310344,0.3393733220441001,,119.75090224727381,-0.45131485955789685,1.122190300411293,-0.4389409872237593,0.3120062139216084,"Gleyber Torres",16997,650402
"Matt McLain","CIN",18,75,2,9,6,5,0.133333333,0.333333333,0.131147541,0.285714285,0.196721311,0.324324324,0.327868852,0.29976743298607905,,83.63337375991541,0.7144506308250129,-0.7073293444164819,1.207478728145361,0.3084854610633122,"Matt McLain",29695,680574
"Hunter Goodman","COL",17,73,2,8,14,0,0.01369863,0.232876712,0.197183099,0.37735849,0.309859154,0.315068493,0.507042253,0.3506993969825849,,111.88093830398019,0.04763552267104387,1.0522179244046583,-0.5495068539166823,0.30191919367799785,"Hunter Goodman",29715,696100
"Brandon Nimmo","NYM",17,71,2,6,6,1,0.112676056,0.197183098,0.177419355,0.260869565,0.225806451,0.323943661,0.403225806,0.3236482630313282,,110.14885966494299,0.08997347558033653,0.9245911187731629,-0.44416973926126957,0.29275819925096114,"Brandon Nimmo",12927,607043
"Anthony Volpe","NYY",15,65,1,7,7,4,0.107692307,0.215384615,0.125,0.279069767,0.232142857,0.307692307,0.357142857,0.2939704629091116,,86.8471315592614,0.8248274577781558,-0.1481819170786023,0.7956319605000317,0.29107782702140955,"Anthony Volpe",27647,683011
"Jonathan Aranda","TBR",15,57,2,5,9,0,0.105263157,0.350877192,0.117647059,0.48275862,0.31372549,0.385964912,0.431372549,0.3641596509699236,,139.89033783557738,-0.7209689877927303,1.866801537456463,-1.0013066997053102,0.28633888896514126,"Jonathan Aranda",21837,666018
"Max Muncy","LAD",17,70,2,4,14,1,0.142857142,0.171428571,0.160714285,0.25,0.232142857,0.357142857,0.392857142,0.3349852136203221,,116.09262329680428,0.04464059263409581,1.3494192686061899,-1.0551713414024562,0.2699030025809106,"Max Muncy",13301,571970
"Spencer Torkelson","DET",16,67,3,11,12,0,0.104477611,0.19402985,0.224137931,0.255813953,0.24137931,0.328358208,0.465517241,0.3393812558867715,,119.7564455545756,0.06745595764368773,1.5739478770288746,-1.249263872858137,0.26425413091355776,"Spencer Torkelson",27465,679529
"Luis Urías","ATH",16,61,2,7,4,1,0.049180327,0.13114754,0.148148148,0.295454545,0.277777777,0.33898305,0.425925925,0.33884124230530305,,118.45862449074886,0.06241011252859607,1.343891674107308,-0.8542563887313008,0.2608479476072432,"Luis Urias",16622,649966
"Jordan Beck","COL",17,75,3,13,5,1,0.053333333,0.253333333,0.257142858,0.291666666,0.242857142,0.293333333,0.5,0.3393477908770243,,104.08777260134706,-0.01474190829321742,0.34036568338024087,-0.48895375430583954,0.24075092197627912,"Jordan Beck",31431,687597
"Ke'Bryan Hayes","PIT",16,65,0,2,2,2,0.03076923,0.261538461,0.049180328,0.363636363,0.262295081,0.296875,0.311475409,0.2723428113386035,,68.74500666395247,0.13729391945526004,-2.215829642258084,2.2960410667583346,0.23047116566446296,"Ke'Bryan Hayes",18577,663647
"Yainer Diaz","HOU",17,71,3,7,10,0,0.014084507,0.154929577,0.173913044,0.29090909,0.275362318,0.295774647,0.449275362,0.32389447470785865,,109.28567107224758,-0.017198315355926752,0.7331360473664662,-0.8883996829390526,0.22789537458405545,"Yainer Diaz",23003,673237
"Josh Smith","TEX",15,65,2,6,5,0,0.046153846,0.092307692,0.133333334,0.264150943,0.266666666,0.307692307,0.4,0.3094983091721168,,97.71969405855235,-0.1488296422176063,-0.3175197700453829,0.30794471164699644,0.22247797646386933,"Josh Smith",26396,669701
"Zach McKinstry","DET",16,59,1,11,2,0,0.084745762,0.237288135,0.12962963,0.307692307,0.24074074,0.305084745,0.37037037,0.30034096867351207,,92.47933430632537,0.5676872464828193,0.062687119322273,0.09909790544770658,0.21974093480176832,"Zach McKinstry",19392,656716
"Ben Rice","NYY",15,55,2,5,9,0,0.036363636,0.181818181,0.244897959,0.263157894,0.244897959,0.309090909,0.489795918,0.3430080099539323,,121.10924184487895,-0.02755889086984098,1.2937930802640039,-1.0633203940960811,0.21316012462666034,"Ben Rice",29576,700250
"Wilyer Abreu","BOS",17,66,5,6,6,0,0.03030303,0.136363636,0.265625,0.2,0.234375,0.257575757,0.5,0.32428665414001,,102.31636564259851,-0.971059181727469,-0.7970651938691062,0.45828855223953724,0.19154422802553678,"Wilyer Abreu",23772,677800
"Connor Norby","MIA",16,59,1,5,6,2,0.033898305,0.288135593,0.157894737,0.358974358,0.263157894,0.288135593,0.421052631,0.30733551716400404,,92.73266781341275,0.06602340773679316,-0.43061349735705057,0.2825233715120703,0.18613305189402238,"Connor Norby",29592,681393
"Nolan Arenado","STL",16,69,2,9,8,0,0.04347826,0.188405797,0.109375,0.28,0.25,0.289855072,0.359375,0.2866354601970617,,82.6656500423366,-0.0806831147056073,-1.466062165264667,0.8589866682887077,0.17237915008517984,"Nolan Arenado",9777,571448
"Wyatt Langford","TEX",17,73,3,10,8,5,0.123287671,0.287671232,0.174603175,0.225,0.19047619,0.287671232,0.365079365,0.29073064131279514,,84.60688673537624,0.44508003850933164,-0.8338079751002587,0.04870801046490669,0.16901053509914934,"Wyatt Langford",33333,694671
"Agustín Ramírez","MIA",16,66,3,6,7,0,0.106060606,0.212121212,0.254237288,0.261904761,0.237288135,0.318181818,0.491525423,0.3503373409762527,,122.254511274853,-0.6329106986522675,1.068362114827925,-1.615463073598221,0.1683904799811493,"Agustin Ramirez",26546,682663
"Nick Allen","ATL",18,63,0,4,4,1,0.095238095,0.174603174,0.018518518,0.272727272,0.222222222,0.295081967,0.24074074,0.24931169435626171,,54.34591326280448,-0.5495961192063987,-3.8810374866155364,3.277633611112833,0.1522613056408737,"Nick Allen",22277,669397
"Mike Yastrzemski","SFG",16,63,0,9,2,3,0.126984126,0.253968253,0.036363637,0.384615384,0.272727272,0.365079365,0.309090909,0.3055803025922468,,96.17758933552774,0.802463760599494,0.5235372083249545,-1.1441891379654408,0.15046043999208342,"Mike Yastrzemski",14854,573262
"Dylan Crews","WSN",16,61,3,7,9,4,0.114754098,0.262295081,0.196078431,0.1875,0.176470588,0.311475409,0.372549019,0.3109451131742509,,98.23615266558734,0.06498468574136496,-0.059639631852648894,-0.5238260142505169,0.1475093193614704,"Dylan Crews",33541,686611
"Jesús Sánchez","MIA",15,61,1,6,8,4,0.098360655,0.163934426,0.094339623,0.302325581,0.264150943,0.344262295,0.358490566,0.31534681847838103,,98.2326294977844,0.21067854389548302,0.08580529751117971,-0.7467733237426728,0.1394173124047636,"Jesus Sanchez",19913,660821
"Bryson Stott","PHI",15,65,2,8,9,2,0.046153846,0.184615384,0.114754099,0.255319148,0.229508196,0.265625,0.344262295,0.26991589181125164,,69.10259241326243,0.6004312885925174,-1.7257703844169279,0.807019179686904,0.12616969089895577,"Bryson Stott",26294,681082
"Lars Nootbaar","STL",17,81,2,10,7,1,0.074074074,0.172839506,0.150684931,0.27118644,0.246575342,0.296296296,0.397260273,0.3014970510094254,,92.86850933189092,-0.2825432235840708,-0.9516220743469996,-0.5579347060993314,0.11915366734089104,"Lars Nootbaar",21454,663457
"J.T. Realmuto","PHI",14,59,2,7,8,0,0.118644067,0.186440677,0.173076923,0.23076923,0.211538461,0.305084745,0.384615384,0.30743000365919987,,94.85698232950205,-0.6702841236256063,-1.0217490509387077,0.17304490320384502,0.11298209150142571,"J.T. Realmuto",11739,592663
"Eli White","ATL",18,72,0,8,6,3,0.041666666,0.236111111,0.089552239,0.36,0.268656716,0.309859154,0.358208955,0.2900261870452336,,82.29744585415966,0.3196929614059627,-1.1566266637223406,-0.1209593266248703,0.11262189150496602,"Eli White",19346,642201
"Michael Busch","CHC",16,60,2,8,9,1,0.116666666,0.266666666,0.176470588,0.272727272,0.215686274,0.333333333,0.392156862,0.3264868587255478,,111.11668154790276,-0.27403886476531625,0.4985320968533733,-1.4830449442379177,0.10221920045256809,"Michael Busch",26319,683737
"Taylor Walls","TBR",15,55,0,6,4,3,0.109090909,0.163636363,0.042553191,0.275,0.234042553,0.309090909,0.276595744,0.2672068953514099,,72.15028545367734,-0.28962446708464995,-2.0329023868563545,1.143649802543223,0.09624984827991728,"Taylor Walls",22458,670764
"Kyle Manzardo","CLE",14,53,2,5,6,1,0.075471698,0.283018867,0.204081633,0.28125,0.224489795,0.283018867,0.428571428,0.30935790853680306,,98.83124681303875,0.1586888775927946,0.08819005407312183,-1.0842602509073913,0.0782208070541631,"Kyle Manzardo",29794,700932
"Carson Kelly","CHC",13,53,1,8,2,0,0.113207547,0.207547169,0.106382979,0.257142857,0.212765957,0.301886792,0.319148936,0.28288385440718455,,81.18211241066153,-0.4111528075300157,-1.566356862411735,0.40655195619910955,0.05999893009362403,"Carson Kelly",13620,608348
"Mark Vientos","NYM",16,61,1,6,3,0,0.032786885,0.213114754,0.087719298,0.363636363,0.298245614,0.327868852,0.385964912,0.3141749286260761,,103.64517515633226,-0.059769923449493945,0.19777927454831878,-1.6647739002946764,0.055260247295726414,"Mark Vientos",22184,668901
"Yandy Díaz","TBR",14,59,2,3,10,1,0.06779661,0.13559322,0.12962963,0.25,0.24074074,0.305084745,0.37037037,0.30178160485574756,,96.30733615297251,0.1356207539793104,-0.11233544940285212,-1.355213617789559,0.049622510243343854,"Yandy Diaz",16578,650490
"Joc Pederson","TEX",16,56,2,6,5,0,0.214285714,0.142857142,0.181818181,0.147058823,0.159090909,0.339285714,0.34090909,0.3156319484114647,,102.00521478165558,-0.0023144655860960484,0.12548590591205455,-1.5272574737900868,0.046175969224568264,"Joc Pederson",11899,592626
"Elly De La Cruz","CIN",18,77,3,10,9,3,0.077922077,0.311688311,0.183098592,0.25,0.197183098,0.259740259,0.38028169,0.2814771718793101,,71.07664529136382,0.7912499639205635,-1.7883440116489604,-0.33371739834547043,0.04153472467938217,"Elly De La Cruz",26668,682829
"Ryan Mountcastle","BAL",16,69,0,5,6,0,0.028985507,0.217391304,0.090909091,0.365384615,0.287878787,0.304347826,0.378787878,0.29769233430641284,,92.04323820995165,-0.591389091219753,-1.216228825325012,-0.8581472616642714,0.02064501628823978,"Ryan Mountcastle",18373,663624
"Lawrence Butler","ATH",15,66,1,4,7,2,0.06060606,0.242424242,0.14516129,0.266666666,0.209677419,0.257575757,0.354838709,0.26940418915315106,,69.94355560215133,0.9453278230503201,-1.3123643674443555,-0.6827930302824825,0.018601867041253356,"Lawrence Butler",22542,671732
"Angel Martínez","CLE",15,52,1,7,5,2,0.057692307,0.192307692,0.083333334,0.27027027,0.229166666,0.288461538,0.3125,0.27207605082255143,,72.78273505752867,0.3875523041933775,-1.2232083639486124,-0.3462932435795665,0.014910837375698854,"Angel Martinez",26540,682657
"Jarren Duran","BOS",17,76,1,9,11,1,0.039473684,0.276315789,0.166666666,0.32,0.236111111,0.276315789,0.402777777,0.29455741769389104,,81.5448050893528,-0.17395119834691286,-1.7702545312276063,-0.6714950812165625,0.006354454862518968,"Jarren Duran",24617,680776
"Xavier Edwards","MIA",12,54,0,4,2,5,0.129629629,0.203703703,0,0.333333333,0.260869565,0.351851851,0.260869565,0.2874948967386175,,79.11157832349964,-0.007972609717398882,-1.3144784367121074,-0.48745574802160263,-0.0036287844582949744,"Xavier Edwards",22266,669364
"Joey Bart","PIT",16,63,0,2,4,0,0.111111111,0.158730158,0.036363636,0.266666666,0.218181818,0.317460317,0.254545454,0.26991564886910574,,67.07869802567595,-0.45671309623867273,-2.859025684322403,0.6739022724796087,-0.012885693334256723,"Joey Bart",21524,663698
"Gabriel Arias","CLE",16,61,0,5,8,0,0.049180327,0.245901639,0.036363636,0.31707317,0.236363636,0.283333333,0.272727272,0.2519610752662023,,58.72857549130451,-0.2768002185039222,-3.142049985868109,0.9714508652687073,-0.01690655856379618,"Gabriel Arias",22563,672356
"George Springer","TOR",16,66,3,11,6,2,0.151515151,0.303030303,0.218181819,0.21875,0.181818181,0.307692307,0.4,0.3156427640181321,,103.32572425296162,0.26741740602301434,0.5172294454732832,-2.8763824235647917,-0.019402833764636654,"George Springer",12856,543807
"Nick Kurtz","ATH",16,61,2,7,5,0,0.098360655,0.278688524,0.185185185,0.25,0.203703703,0.278688524,0.388888888,0.29153987032468204,,85.40956471661752,0.12754977960139513,-0.8853845157158382,-1.3913447419181466,-0.027987583504941155,"Nick Kurtz",35110,701762
"Michael Harris II","ATL",18,74,0,1,8,1,0.081081081,0.202702702,0.104477612,0.264150943,0.208955223,0.27027027,0.313432835,0.2531508109340929,,56.98156423276799,-0.12440410535782576,-3.811617726191201,0.9710711818188429,-0.043732753580369654,"Michael Harris II",25931,671739
"Jonathan India","KCR",16,70,1,6,7,0,0.057142857,0.114285714,0.123076923,0.285714285,0.261538461,0.314285714,0.384615384,0.3097777826445443,,93.48844230211148,-0.038229516707360744,-0.5569890907657516,-2.1814839020371437,-0.04525508125599691,"Jonathan India",21523,663697
"Jung Hoo Lee","SFG",17,74,3,7,13,0,0,0.108108108,0.152777778,0.193548387,0.208333333,0.216216216,0.361111111,0.24823834847759557,,56.81088245962927,0.6221991707570851,-3.079643995468186,0.20943269148119725,-0.04683004479611244,"Jung Hoo Lee",33824,808982
"JJ Bleday","ATH",15,59,4,9,7,0,0.084745762,0.237288135,0.277777777,0.166666666,0.185185185,0.254237288,0.462962962,0.30238380000509063,,92.98612465955377,-0.4738987780874595,-0.9448687803563587,-1.5046244461555034,-0.052902069713476586,"JJ Bleday",26368,668709
"Gavin Lux","CIN",14,57,0,3,5,0,0.087719298,0.263157894,0.134615384,0.351351351,0.25,0.315789473,0.384615384,0.3092777498981409,,90.16244769809114,-0.1967831696383655,-0.8462752728936767,-1.5299083292484283,-0.05333544465608822,"Gavin Lux",19955,666158
"Spencer Steer","CIN",18,70,1,7,3,2,0.057142857,0.285714285,0.121212121,0.333333333,0.242424242,0.285714285,0.363636363,0.28671599456242153,,74.67323002805597,0.06872682413086295,-1.9847500255512678,-0.907649009488523,-0.06281412616205741,"Spencer Steer",26323,668715
"Luis Arraez","SDP",16,72,0,9,6,0,0.055555555,0.013888888,0.073529411,0.298507462,0.294117647,0.333333333,0.367647058,0.3111477924717797,,101.73229684527591,-0.3912968961521983,-0.24683052095234556,-2.7911074459552765,-0.07117608240232659,"Luis Arraez",18568,650333
"Adolis García","TEX",17,68,2,5,9,1,0.058823529,0.264705882,0.147540984,0.272727272,0.229508196,0.264705882,0.37704918,0.2753402844947927,,73.85377744645844,-0.711736558820121,-2.735226538374115,-0.2257334552705288,-0.07536113861233429,"Adolis Garcia",19287,666969
"Brent Rooker","ATH",17,75,2,9,6,2,0.066666666,0.226666666,0.117647059,0.265306122,0.220588235,0.293333333,0.338235294,0.28506128311157225,,80.88303182565386,0.31155858049169183,-1.3202284326154705,-1.8749950365163386,-0.07575370814976873,"Brent Rooker",19627,667670
"Max Kepler","PHI",17,61,2,5,9,0,0.081967213,0.262295081,0.166666666,0.216216216,0.185185185,0.262295081,0.351851851,0.2719167773840857,,70.47625114279371,-0.043882923666387796,-2.1298781129107938,-0.6584455369738862,-0.08269943391305566,"Max Kepler",12144,596146
"Josh Naylor","ARI",18,75,1,9,10,4,0.053333333,0.133333333,0.086956522,0.27118644,0.246376811,0.293333333,0.333333333,0.2790653864542643,,74.32487131738927,0.3054663632065058,-1.9249495629102151,-1.4172705431701615,-0.09269551673752306,"Josh Naylor",18839,647304
"Chandler Simpson","TBR",16,53,0,9,6,8,0.018867924,0.113207547,0.06122449,0.295454545,0.265306122,0.274509803,0.326530612,0.2623833593200235,,68.7801225186725,1.3608939736150205,-0.5222791868230647,-2.178866606205702,-0.09980577178472105,"Chandler Simpson",31912,802415
"Tyler Soderstrom","ATH",17,73,1,7,6,1,0.04109589,0.287671232,0.117647059,0.326086956,0.235294117,0.287671232,0.352941176,0.2853010884703022,,81.05058175714571,-0.003988971118815243,-1.5783413090150038,-1.9351672707125545,-0.11586202568553763,"Tyler Soderstrom",27467,691016
"Michael Toglia","COL",17,68,3,6,6,0,0.147058823,0.411764705,0.228070175,0.296296296,0.192982456,0.308823529,0.421052631,0.31476079261125023,,87.20817425784297,-0.3512020013295114,-1.3587213899298107,-2.0553099177777767,-0.12411137289694285,"Michael Toglia",25845,669911
"Ozzie Albies","ATL",18,76,1,8,4,1,0.065789473,0.184210526,0.072463768,0.236363636,0.20289855,0.263157894,0.275362318,0.24447238837417803,,51.023606881362305,0.5204771212302148,-3.79086369475856,0.06836062204092741,-0.12898391378921067,"Ozzie Albies",16556,645277
"Adley Rutschman","BAL",17,63,0,4,2,0,0.047619047,0.174603174,0.101694916,0.229166666,0.186440677,0.238095238,0.288135593,0.23509857200440906,,48.3095174913601,-0.20396579173393548,-3.9102125209881273,0.5613730705808848,-0.13305014264166978,"Adley Rutschman",26288,668939
"Ben Williamson","SEA",16,58,0,5,4,0,0.017241379,0.275862068,0.035087719,0.31707317,0.228070175,0.24137931,0.263157894,0.2242117400827079,,44.408327777633076,-0.042026150797028095,-3.711644708607092,0.5243900525383651,-0.13336970156480568,"Ben Williamson",33197,810938
"Michael Massey","KCR",16,61,2,4,3,0,0.032786885,0.13114754,0.13559322,0.204081632,0.20338983,0.229508196,0.33898305,0.24885404891655094,,50.92155611401916,-0.051315064483787864,-3.4585635808822266,0.11495568417012691,-0.1393801543535687,"Michael Massey",27684,686681
"Javier Sanoja","MIA",16,54,0,4,4,2,0.055555555,0.092592592,0.078431372,0.195652173,0.176470588,0.222222222,0.25490196,0.2146512336201138,,29.102554772972596,0.2631092704832554,-4.171305485340856,0.8134132323320955,-0.16608603405473374,"Javier Sanoja",28253,691594
"Luis Robert Jr.","CHW",16,59,1,5,4,4,0.06779661,0.254237288,0.072727273,0.23076923,0.181818181,0.237288135,0.254545454,0.22419679568985762,,37.59865452659298,0.520940225571394,-3.669205791098917,0.12951669783797115,-0.1667291873232769,"Luis Robert Jr.",20043,673357
"Tyler Stephenson","CIN",15,59,1,6,5,0,0.118644067,0.389830508,0.115384615,0.285714285,0.173076923,0.27118644,0.288461538,0.24967603745131656,,49.24435937301568,-0.3297670488245785,-3.79831969370899,0.2294472916983068,-0.17103009497034916,"Tyler Stephenson",17988,663886
"Marcus Semien","TEX",17,67,1,4,4,1,0.104477611,0.298507462,0.050847458,0.210526315,0.152542372,0.253731343,0.20338983,0.22042986706121645,,35.48834337980498,0.30884436052292585,-4.6103749968258585,0.7368639716878533,-0.17407851547134184,"Marcus Semien",12533,543760
"Santiago Espinal","CIN",18,74,0,4,4,2,0.067567567,0.121621621,0.043478261,0.25,0.217391304,0.27027027,0.260869565,0.24236873275524862,,44.22770923500647,0.014292978215962648,-4.766084236950167,0.6543824942782521,-0.17645379634914993,"Santiago Espinal",19997,669289
"Cedric Mullins","BAL",17,66,4,6,10,2,0.03030303,0.272727272,0.234375,0.142857142,0.15625,0.181818181,0.390625,0.2447014767112154,,55.01898401149723,-0.12409537332132459,-3.502847935451649,-0.42716008983552456,-0.1834154737485697,"Cedric Mullins",17929,656775
"Brooks Lee","MIN",16,69,2,6,8,0,0.028985507,0.217391304,0.121212121,0.26,0.227272727,0.246376811,0.348484848,0.2586494278216708,,62.84181583058944,-0.9979779222048819,-3.9159878524867895,-0.2228346634656191,-0.1949033944477573,"Brooks Lee",31595,686797
"Jackson Chourio","MIL",17,73,1,4,1,6,0.04109589,0.219178082,0.085714286,0.226415094,0.185714285,0.219178082,0.271428571,0.21856005224463057,,34.06581739762524,1.2343115294352174,-4.340695916975545,0.08374096639454365,-0.19503651904099267,"Jackson Chourio",28806,694192
"Michael Conforto","LAD",18,65,0,5,1,0,0.092307692,0.261538461,0.089285714,0.256410256,0.178571428,0.292307692,0.267857142,0.26331612146817723,,66.88997252605972,-0.43037039041519165,-2.9231556212488923,-1.0760670322924852,-0.19546167516288646,"Michael Conforto",16376,624424
"Logan O'Hoppe","LAA",15,55,2,3,10,0,0.036363636,0.309090909,0.117647059,0.303030303,0.235294117,0.272727272,0.352941176,0.2754723061214794,,72.18041826150792,-0.41820629267022014,-2.1595980222454543,-1.5898914393037558,-0.20238687320012455,"Logan O'Hoppe",24729,681351
"Nick Castellanos","PHI",17,73,1,9,9,1,0.01369863,0.150684931,0.1,0.322033898,0.285714285,0.301369863,0.385714285,0.2998896371828367,,89.68032936406017,-0.5571986497379839,-1.4297694221221233,-2.9837014079093933,-0.2113783085867016,"Nick Castellanos",11737,592206
"Christian Walker","HOU",18,77,1,6,10,0,0.064935064,0.233766233,0.114285714,0.25,0.2,0.259740259,0.314285714,0.25550630727371615,,61.503449569238164,-0.08829631825210527,-3.4619129755568014,-1.1417084094136953,-0.2159279966294511,"Christian Walker",13419,572233
"Eric Wagaman","MIA",17,66,0,4,4,0,0.075757575,0.227272727,0.1,0.304347826,0.233333333,0.287878787,0.333333333,0.2748555432666432,,70.4343413699555,-0.7864922620356083,-3.0466745063775673,-1.3502668822184205,-0.23357053707120362,"Eric Wagaman",23395,676572
"Keibert Ruiz","WSN",14,57,0,5,5,0,0.035087719,0.105263157,0.074074074,0.270833333,0.24074074,0.280701754,0.314814814,0.2662846289182964,,67.57559671165927,-0.8794120447710156,-3.020126852910491,-1.1011672969907522,-0.23554206423741247,"Keibert Ruiz",19610,660688
"Pete Alonso","NYM",17,74,2,6,9,0,0.054054054,0.337837837,0.15942029,0.302325581,0.217391304,0.256756756,0.376811594,0.2752241170084154,,76.90445438380796,-0.8341286648064852,-2.813703441476271,-1.8856859654188156,-0.2378141398558972,"Pete Alonso",19251,624413
"Andrew McCutchen","PIT",17,65,0,2,2,0,0.123076923,0.184615384,0.018867925,0.261904761,0.207547169,0.328125,0.226415094,0.26133224793842863,,61.1859754344529,-0.5027279634959996,-3.424955293641367,-1.191198157146573,-0.2598752879430335,"Andrew McCutchen",9847,457705
"Seiya Suzuki","CHC",17,77,3,8,15,0,0.051948051,0.272727272,0.2,0.204081632,0.185714285,0.22077922,0.385714285,0.25680708033697947,,63.27974516593414,-0.5380221335217357,-3.8130000572634346,-1.350570810958743,-0.276028628266893,"Seiya Suzuki",30116,673548
"Luis García Jr.","WSN",14,55,2,5,9,0,0.036363636,0.218181818,0.163265306,0.184210526,0.183673469,0.218181818,0.346938775,0.240705529126254,,50.014895490188295,-0.4016625424847007,-3.5859719442672717,-0.9626102359034121,-0.28698884877296105,"Luis Garcia Jr.",20391,671277
"Junior Caminero","TBR",15,61,2,2,7,2,0.032786885,0.180327868,0.105263158,0.173913043,0.175438596,0.196721311,0.280701754,0.20734011736072477,,30.32188510390747,0.18074672436341643,-4.656624528822692,-0.2538896664045751,-0.30298050633112095,"Junior Caminero",28163,691406
"Nathaniel Lowe","WSN",17,74,2,10,9,0,0.081081081,0.256756756,0.121212122,0.217391304,0.181818181,0.256756756,0.303030303,0.2524519393572936,,58.079104245348944,-0.8217640644870698,-4.414904890444889,-1.0559471417218447,-0.3183623877961656,"Nathaniel Lowe",19566,663993
"Ty France","MIN",15,60,0,4,6,1,0.016666666,0.183333333,0.017857143,0.244444444,0.196428571,0.25,0.214285714,0.21709105769793194,,33.805341816735975,-0.25451219733804464,-4.774709440977068,-0.3561661969870329,-0.3294265160617457,"Ty France",17982,664034
"Kameron Misner","TBR",16,53,1,6,2,3,0.037735849,0.509433962,0.05882353,0.217391304,0.117647058,0.150943396,0.176470588,0.14918414264355065,,-10.311191785240384,0.24508141772821546,-6.408854869822832,1.4600997688248754,-0.3344781795989161,"Kameron Misner",26374,670224
"Andrew Vaughn","CHW",18,68,2,2,7,0,0.014705882,0.220588235,0.164179105,0.24,0.208955223,0.220588235,0.373134328,0.2558196432450238,,59.69326479513026,-0.30000296607613564,-3.4193933341713008,-2.046680809929967,-0.336919572034308,"Andrew Vaughn",26197,683734
"Trevor Story","BOS",15,61,1,4,5,3,0.032786885,0.344262295,0.051724138,0.25,0.172413793,0.213114754,0.224137931,0.19979997150233533,,15.338596429871073,0.42318993667140603,-5.454389278771691,-0.12095943093299866,-0.37239573599635456,"Trevor Story",12564,596115
"Caleb Durbin","MIL",17,56,0,1,6,1,0.053571428,0.107142857,0.020833334,0.119047619,0.104166666,0.203703703,0.125,0.16814813569740014,,-0.543242799366057,0.2933935886248946,-6.2281872275369565,0.46647828072309494,-0.410234289109501,"Caleb Durbin",29646,702332
"Jose Altuve","HOU",17,70,0,4,0,1,0.071428571,0.157142857,0.046153846,0.222222222,0.184615384,0.242857142,0.23076923,0.21812246697289603,,35.38368346193458,-0.36269428295781836,-5.51051518844999,-0.8887980310246348,-0.4274826274625704,"Jose Altuve",5417,514888
"Alex Verdugo","ATL",17,70,0,8,3,1,0.057142857,0.128571428,0.046153846,0.232142857,0.2,0.257142857,0.246153846,0.2312702340739114,,41.95999287494345,-0.36258567962795496,-5.068428987665913,-1.3487936379387975,-0.4308402044423334,"Alex Verdugo",17027,657077
"Brenton Doyle","COL",17,68,0,5,3,2,0.088235294,0.220588235,0.032258064,0.191489361,0.14516129,0.220588235,0.177419354,0.18997897383044748,,1.5422886208859916,0.45712350541725755,-7.297676721789587,0.6243650373071432,-0.46441214093851974,"Brenton Doyle",25479,686668
"Jorge Soler","LAA",15,61,0,4,3,0,0.13114754,0.278688524,0.018867924,0.222222222,0.150943396,0.262295081,0.16981132,0.21377636467824218,,29.07399721701452,-0.16557859652675688,-5.089583895428038,-1.809764369390905,-0.5106342467739776,"Jorge Soler",14221,624585
"Bryan Reynolds","PIT",16,69,2,5,7,1,0.086956521,0.246376811,0.095238096,0.159090909,0.142857142,0.217391304,0.238095238,0.210648819156315,,26.3905151970567,0.18781599588692188,-5.695129624658812,-1.6724905390292406,-0.5334878746897903,"Bryan Reynolds",19326,668804
"Salvador Perez","KCR",16,68,0,1,5,0,0.014705882,0.294117647,0.030769231,0.239130434,0.169230769,0.19117647,0.2,0.17576312580529382,,-0.1464401343775894,-0.7484202641062438,-8.498882790191804,-0.3271862603724003,-0.687735922610614,"Salvador Perez",7304,521692
"Christian Yelich","MIL",17,69,2,7,3,2,0.04347826,0.333333333,0.107692308,0.175,0.138461538,0.188405797,0.246153846,0.19645674159561377,,18.89133364063648,-0.32945494540035725,-6.811742857406548,-2.4023299291729927,-0.7262755986916527,"Christian Yelich",11477,592885